,,human,llm_A,llm_B
ttr,mean,0.725,0.773,0.823
ttr,median,0.73,0.78,0.82
avg_sent_len,mean,17.754,20.326,15.877
avg_sent_len,median,16.183,20.286,15.889
noun_ratio,mean,0.233,0.307,0.312
noun_ratio,median,0.23,0.31,0.314
verb_ratio,mean,0.115,0.13,0.135
verb_ratio,median,0.113,0.128,0.133
adj_ratio,mean,0.09,0.109,0.139
adj_ratio,median,0.09,0.108,0.137
adv_ratio,mean,0.065,0.044,0.056
adv_ratio,median,0.064,0.043,0.058
pron_ratio,mean,0.11,0.056,0.057
pron_ratio,median,0.11,0.056,0.055
sent_intensity,mean,0.793,0.838,0.867
sent_intensity,median,0.909,0.942,0.962
comma_rate,mean,4.282,6.25,4.782
comma_rate,median,4.073,6.015,4.711
excl_rate,mean,0.574,0.124,0.015
excl_rate,median,0.0,0.0,0.0
quest_rate,mean,0.314,0.0,0.0
quest_rate,median,0.0,0.0,0.0
