text_id,source,is_llm,pred
human_pos_11652,human,0,0
human_pos_1265,human,0,0
human_pos_10903,human,0,0
human_pos_2560,human,0,0
human_pos_11382,human,0,0
human_pos_7792,human,0,0
human_pos_7052,human,0,0
human_pos_601,human,0,0
human_pos_2059,human,0,0
human_pos_2252,human,0,0
human_pos_6309,human,0,0
human_pos_6119,human,0,0
human_pos_5340,human,0,0
human_pos_1665,human,0,0
human_pos_7865,human,0,0
human_pos_3599,human,0,0
human_pos_5307,human,0,0
human_pos_5480,human,0,0
human_pos_9131,human,0,0
human_pos_9685,human,0,0
human_pos_9452,human,0,0
human_pos_6649,human,0,0
human_pos_5031,human,0,0
human_pos_11404,human,0,0
human_pos_10155,human,0,0
human_pos_10473,human,0,1
human_pos_6673,human,0,0
human_pos_8781,human,0,0
human_pos_1600,human,0,0
human_pos_297,human,0,0
human_pos_5959,human,0,0
human_pos_2022,human,0,0
human_pos_1188,human,0,0
human_pos_9968,human,0,1
human_pos_1000,human,0,0
human_pos_9867,human,0,0
human_pos_8435,human,0,0
human_pos_8517,human,0,0
human_pos_7986,human,0,0
human_pos_6073,human,0,0
human_pos_4513,human,0,0
human_pos_2414,human,0,0
human_pos_152,human,0,0
human_pos_9926,human,0,0
human_pos_2781,human,0,0
human_pos_1248,human,0,0
human_pos_5294,human,0,0
human_pos_5627,human,0,0
human_pos_1807,human,0,0
human_pos_8863,human,0,0
human_pos_10136,human,0,0
human_pos_8206,human,0,0
human_pos_505,human,0,0
human_pos_7436,human,0,0
human_pos_1956,human,0,0
human_pos_975,human,0,0
human_pos_2335,human,0,0
human_pos_8479,human,0,1
human_pos_3011,human,0,0
human_pos_10085,human,0,0
human_pos_9990,human,0,0
human_pos_1842,human,0,0
human_pos_363,human,0,0
human_pos_12463,human,0,0
human_pos_12048,human,0,0
human_pos_5067,human,0,0
human_pos_9561,human,0,0
human_pos_4240,human,0,0
human_pos_7185,human,0,0
human_pos_1969,human,0,0
human_pos_8965,human,0,0
human_pos_4075,human,0,0
human_pos_6768,human,0,0
human_pos_6697,human,0,0
human_pos_10641,human,0,0
human_pos_9083,human,0,0
human_pos_7479,human,0,0
human_pos_1330,human,0,0
human_pos_8881,human,0,0
human_pos_2659,human,0,1
human_pos_5535,human,0,0
human_pos_12245,human,0,0
human_pos_10404,human,0,0
human_pos_12184,human,0,0
human_pos_11867,human,0,0
human_pos_3914,human,0,0
human_pos_5199,human,0,0
human_pos_10235,human,0,0
human_pos_929,human,0,0
human_pos_3964,human,0,0
human_pos_5440,human,0,0
human_pos_11126,human,0,0
human_pos_9103,human,0,0
human_pos_11574,human,0,0
human_pos_10740,human,0,1
human_pos_4590,human,0,0
human_pos_7605,human,0,0
human_pos_11202,human,0,0
human_pos_3840,human,0,0
human_pos_7022,human,0,0
human_neg_3769,human,0,0
human_neg_4663,human,0,0
human_neg_12093,human,0,0
human_neg_11748,human,0,0
human_neg_7354,human,0,0
human_neg_10620,human,0,0
human_neg_5713,human,0,0
human_neg_788,human,0,0
human_neg_11132,human,0,0
human_neg_5317,human,0,0
human_neg_9560,human,0,0
human_neg_7517,human,0,0
human_neg_12006,human,0,0
human_neg_1337,human,0,0
human_neg_9381,human,0,1
human_neg_6171,human,0,0
human_neg_9474,human,0,0
human_neg_8632,human,0,0
human_neg_7445,human,0,0
human_neg_3814,human,0,1
human_neg_6564,human,0,0
human_neg_3565,human,0,0
human_neg_2329,human,0,0
human_neg_7893,human,0,0
human_neg_3460,human,0,0
human_neg_10907,human,0,0
human_neg_7580,human,0,0
human_neg_6383,human,0,0
human_neg_4254,human,0,0
human_neg_7039,human,0,1
human_neg_9642,human,0,1
human_neg_6585,human,0,0
human_neg_7103,human,0,1
human_neg_7583,human,0,0
human_neg_5852,human,0,0
human_neg_7606,human,0,0
human_neg_3054,human,0,0
human_neg_6830,human,0,0
human_neg_12190,human,0,0
human_neg_4338,human,0,0
human_neg_2663,human,0,0
human_neg_8596,human,0,0
human_neg_4885,human,0,0
human_neg_3435,human,0,0
human_neg_9006,human,0,0
human_neg_6858,human,0,0
human_neg_7131,human,0,0
human_neg_9623,human,0,0
human_neg_12363,human,0,0
human_neg_7941,human,0,0
human_neg_12129,human,0,0
human_neg_8095,human,0,0
human_neg_3891,human,0,0
human_neg_2360,human,0,0
human_neg_5228,human,0,0
human_neg_11943,human,0,0
human_neg_3549,human,0,0
human_neg_5891,human,0,0
human_neg_6981,human,0,0
human_neg_5058,human,0,0
human_neg_10725,human,0,0
human_neg_8876,human,0,0
human_neg_10580,human,0,0
human_neg_4246,human,0,0
human_neg_4078,human,0,0
human_neg_10641,human,0,0
human_neg_12008,human,0,0
human_neg_1078,human,0,0
human_neg_10080,human,0,0
human_neg_5911,human,0,0
human_neg_11256,human,0,0
human_neg_11292,human,0,0
human_neg_4965,human,0,0
human_neg_8488,human,0,0
human_neg_4166,human,0,0
human_neg_4773,human,0,0
human_neg_6027,human,0,0
human_neg_5077,human,0,0
human_neg_3503,human,0,0
human_neg_6300,human,0,0
human_neg_9512,human,0,0
human_neg_11469,human,0,0
human_neg_8644,human,0,0
human_neg_12074,human,0,1
human_neg_5330,human,0,0
human_neg_9402,human,0,0
human_neg_5061,human,0,1
human_neg_8395,human,0,0
human_neg_6446,human,0,0
human_neg_7323,human,0,0
human_neg_10011,human,0,0
human_neg_5126,human,0,0
human_neg_4730,human,0,1
human_neg_11042,human,0,0
human_neg_4522,human,0,0
human_neg_11926,human,0,0
human_neg_446,human,0,0
human_neg_6710,human,0,0
human_neg_6217,human,0,0
human_neg_11419,human,0,0
llm_A_pos_11652,llm_A,1,1
llm_A_pos_1265,llm_A,1,1
llm_A_pos_10903,llm_A,1,1
llm_A_pos_2560,llm_A,1,1
llm_A_pos_11382,llm_A,1,1
llm_A_pos_7792,llm_A,1,1
llm_A_pos_7052,llm_A,1,1
llm_A_pos_601,llm_A,1,1
llm_A_pos_2059,llm_A,1,1
llm_A_pos_2252,llm_A,1,1
llm_A_pos_6309,llm_A,1,1
llm_A_pos_6119,llm_A,1,0
llm_A_pos_5340,llm_A,1,0
llm_A_pos_1665,llm_A,1,1
llm_A_pos_7865,llm_A,1,1
llm_A_pos_3599,llm_A,1,1
llm_A_pos_5307,llm_A,1,1
llm_A_pos_5480,llm_A,1,1
llm_A_pos_9131,llm_A,1,1
llm_A_pos_9685,llm_A,1,0
llm_A_pos_9452,llm_A,1,0
llm_A_pos_6649,llm_A,1,1
llm_A_pos_5031,llm_A,1,1
llm_A_pos_11404,llm_A,1,1
llm_A_pos_10155,llm_A,1,1
llm_A_pos_10473,llm_A,1,0
llm_A_pos_6673,llm_A,1,1
llm_A_pos_8781,llm_A,1,1
llm_A_pos_1600,llm_A,1,1
llm_A_pos_297,llm_A,1,1
llm_A_pos_5959,llm_A,1,1
llm_A_pos_2022,llm_A,1,1
llm_A_pos_1188,llm_A,1,1
llm_A_pos_9968,llm_A,1,1
llm_A_pos_1000,llm_A,1,1
llm_A_pos_9867,llm_A,1,1
llm_A_pos_8435,llm_A,1,1
llm_A_pos_8517,llm_A,1,1
llm_A_pos_7986,llm_A,1,1
llm_A_pos_6073,llm_A,1,1
llm_A_pos_4513,llm_A,1,1
llm_A_pos_2414,llm_A,1,1
llm_A_pos_152,llm_A,1,1
llm_A_pos_9926,llm_A,1,1
llm_A_pos_2781,llm_A,1,1
llm_A_pos_1248,llm_A,1,1
llm_A_pos_5294,llm_A,1,1
llm_A_pos_5627,llm_A,1,0
llm_A_pos_1807,llm_A,1,1
llm_A_pos_8863,llm_A,1,1
llm_B_pos_10136,llm_B,1,1
llm_B_pos_8206,llm_B,1,1
llm_B_pos_505,llm_B,1,1
llm_B_pos_7436,llm_B,1,1
llm_B_pos_1956,llm_B,1,1
llm_B_pos_975,llm_B,1,1
llm_B_pos_2335,llm_B,1,1
llm_B_pos_8479,llm_B,1,1
llm_B_pos_3011,llm_B,1,1
llm_B_pos_10085,llm_B,1,1
llm_B_pos_9990,llm_B,1,1
llm_B_pos_1842,llm_B,1,1
llm_B_pos_363,llm_B,1,1
llm_B_pos_12463,llm_B,1,1
llm_B_pos_12048,llm_B,1,1
llm_B_pos_5067,llm_B,1,1
llm_B_pos_9561,llm_B,1,1
llm_B_pos_4240,llm_B,1,1
llm_B_pos_7185,llm_B,1,1
llm_B_pos_1969,llm_B,1,1
llm_B_pos_8965,llm_B,1,1
llm_B_pos_4075,llm_B,1,1
llm_B_pos_6768,llm_B,1,1
llm_B_pos_6697,llm_B,1,1
llm_B_pos_10641,llm_B,1,1
llm_B_pos_9083,llm_B,1,1
llm_B_pos_7479,llm_B,1,1
llm_B_pos_1330,llm_B,1,1
llm_B_pos_8881,llm_B,1,1
llm_B_pos_2659,llm_B,1,1
llm_B_pos_5535,llm_B,1,1
llm_B_pos_12245,llm_B,1,1
llm_B_pos_10404,llm_B,1,1
llm_B_pos_12184,llm_B,1,1
llm_B_pos_11867,llm_B,1,1
llm_B_pos_3914,llm_B,1,1
llm_B_pos_5199,llm_B,1,1
llm_B_pos_10235,llm_B,1,1
llm_B_pos_929,llm_B,1,1
llm_B_pos_3964,llm_B,1,1
llm_B_pos_5440,llm_B,1,1
llm_B_pos_11126,llm_B,1,1
llm_B_pos_9103,llm_B,1,1
llm_B_pos_11574,llm_B,1,1
llm_B_pos_10740,llm_B,1,1
llm_B_pos_4590,llm_B,1,1
llm_B_pos_7605,llm_B,1,1
llm_B_pos_11202,llm_B,1,1
llm_B_pos_3840,llm_B,1,1
llm_B_pos_7022,llm_B,1,1
llm_A_neg_3769,llm_A,1,1
llm_A_neg_4663,llm_A,1,1
llm_A_neg_12093,llm_A,1,0
llm_A_neg_11748,llm_A,1,1
llm_A_neg_7354,llm_A,1,1
llm_A_neg_10620,llm_A,1,1
llm_A_neg_5713,llm_A,1,1
llm_A_neg_788,llm_A,1,1
llm_A_neg_11132,llm_A,1,1
llm_A_neg_5317,llm_A,1,1
llm_A_neg_9560,llm_A,1,1
llm_A_neg_7517,llm_A,1,1
llm_A_neg_12006,llm_A,1,1
llm_A_neg_1337,llm_A,1,1
llm_A_neg_9381,llm_A,1,1
llm_A_neg_6171,llm_A,1,1
llm_A_neg_9474,llm_A,1,1
llm_A_neg_8632,llm_A,1,1
llm_A_neg_7445,llm_A,1,1
llm_A_neg_3814,llm_A,1,0
llm_A_neg_6564,llm_A,1,1
llm_A_neg_3565,llm_A,1,1
llm_A_neg_2329,llm_A,1,1
llm_A_neg_7893,llm_A,1,1
llm_A_neg_3460,llm_A,1,1
llm_A_neg_10907,llm_A,1,1
llm_A_neg_7580,llm_A,1,1
llm_A_neg_6383,llm_A,1,1
llm_A_neg_4254,llm_A,1,1
llm_A_neg_7039,llm_A,1,1
llm_A_neg_9642,llm_A,1,1
llm_A_neg_6585,llm_A,1,1
llm_A_neg_7103,llm_A,1,1
llm_A_neg_7583,llm_A,1,1
llm_A_neg_5852,llm_A,1,1
llm_A_neg_7606,llm_A,1,1
llm_A_neg_3054,llm_A,1,1
llm_A_neg_6830,llm_A,1,1
llm_A_neg_12190,llm_A,1,1
llm_A_neg_4338,llm_A,1,1
llm_A_neg_2663,llm_A,1,1
llm_A_neg_8596,llm_A,1,1
llm_A_neg_4885,llm_A,1,1
llm_A_neg_3435,llm_A,1,1
llm_A_neg_9006,llm_A,1,1
llm_A_neg_6858,llm_A,1,1
llm_A_neg_7131,llm_A,1,1
llm_A_neg_9623,llm_A,1,1
llm_A_neg_12363,llm_A,1,1
llm_A_neg_7941,llm_A,1,1
llm_B_neg_12129,llm_B,1,1
llm_B_neg_8095,llm_B,1,1
llm_B_neg_3891,llm_B,1,1
llm_B_neg_2360,llm_B,1,1
llm_B_neg_5228,llm_B,1,1
llm_B_neg_11943,llm_B,1,1
llm_B_neg_3549,llm_B,1,1
llm_B_neg_5891,llm_B,1,1
llm_B_neg_6981,llm_B,1,1
llm_B_neg_5058,llm_B,1,1
llm_B_neg_10725,llm_B,1,1
llm_B_neg_8876,llm_B,1,1
llm_B_neg_10580,llm_B,1,1
llm_B_neg_4246,llm_B,1,1
llm_B_neg_4078,llm_B,1,1
llm_B_neg_10641,llm_B,1,1
llm_B_neg_12008,llm_B,1,1
llm_B_neg_1078,llm_B,1,1
llm_B_neg_10080,llm_B,1,1
llm_B_neg_5911,llm_B,1,0
llm_B_neg_11256,llm_B,1,1
llm_B_neg_11292,llm_B,1,1
llm_B_neg_4965,llm_B,1,1
llm_B_neg_8488,llm_B,1,0
llm_B_neg_4166,llm_B,1,1
llm_B_neg_4773,llm_B,1,1
llm_B_neg_6027,llm_B,1,1
llm_B_neg_5077,llm_B,1,1
llm_B_neg_3503,llm_B,1,1
llm_B_neg_6300,llm_B,1,1
llm_B_neg_9512,llm_B,1,1
llm_B_neg_11469,llm_B,1,1
llm_B_neg_8644,llm_B,1,1
llm_B_neg_12074,llm_B,1,1
llm_B_neg_5330,llm_B,1,1
llm_B_neg_9402,llm_B,1,1
llm_B_neg_5061,llm_B,1,1
llm_B_neg_8395,llm_B,1,1
llm_B_neg_6446,llm_B,1,1
llm_B_neg_7323,llm_B,1,1
llm_B_neg_10011,llm_B,1,1
llm_B_neg_5126,llm_B,1,1
llm_B_neg_4730,llm_B,1,1
llm_B_neg_11042,llm_B,1,1
llm_B_neg_4522,llm_B,1,1
llm_B_neg_11926,llm_B,1,1
llm_B_neg_446,llm_B,1,1
llm_B_neg_6710,llm_B,1,1
llm_B_neg_6217,llm_B,1,1
llm_B_neg_11419,llm_B,1,1
