text_id,review_id,tconst,primaryTitle,label,llm_group,source,model,is_llm,word_count,n_tokens,n_sents,ttr,avg_sent_len,noun_ratio,verb_ratio,adj_ratio,adv_ratio,pron_ratio,sent_intensity,comma_rate,excl_rate,quest_rate
human_pos_11652,pos_11652,tt0112818,Dead Man Walking,pos,A,human,human,0,112,112,9,0.71,12.444444444444445,0.25892857142857145,0.15178571428571427,0.07142857142857142,0.03571428571428571,0.11607142857142858,0.8818,0.0,0.8928571428571428,0.0
human_pos_1265,pos_1265,tt0154506,Following,pos,A,human,human,0,133,140,9,0.72,15.555555555555555,0.15714285714285714,0.09285714285714286,0.07857142857142857,0.06428571428571428,0.14285714285714285,0.9766,1.4285714285714286,2.142857142857143,1.4285714285714286
human_pos_10903,pos_10903,tt0119360,In & Out,pos,A,human,human,0,144,144,12,0.68,12.0,0.2986111111111111,0.09722222222222222,0.08333333333333333,0.041666666666666664,0.14583333333333334,0.9758,3.4722222222222223,0.6944444444444444,1.3888888888888888
human_pos_2560,pos_2560,tt0462200,Black Snake Moan,pos,A,human,human,0,107,111,5,0.81,22.2,0.23423423423423423,0.12612612612612611,0.10810810810810811,0.09009009009009009,0.09009009009009009,0.8402,5.405405405405405,0.0,0.0
human_pos_11382,pos_11382,tt0118749,Boogie Nights,pos,A,human,human,0,105,127,11,0.81,11.545454545454545,0.31496062992125984,0.023622047244094488,0.07874015748031496,0.047244094488188976,0.07086614173228346,0.9847,2.3622047244094486,2.3622047244094486,0.7874015748031495
human_pos_7792,pos_7792,tt0109117,Andaz Apna Apna,pos,A,human,human,0,118,121,9,0.73,13.444444444444445,0.2396694214876033,0.12396694214876033,0.10743801652892562,0.08264462809917356,0.0743801652892562,0.9751,0.0,0.0,0.0
human_pos_7052,pos_7052,tt0079540,Meatballs,pos,A,human,human,0,137,140,13,0.75,10.76923076923077,0.2642857142857143,0.16428571428571428,0.07857142857142857,0.07142857142857142,0.1,0.9661,10.0,0.7142857142857143,0.7142857142857143
human_pos_601,pos_601,tt0079588,The Muppet Movie,pos,A,human,human,0,145,149,9,0.63,16.555555555555557,0.2348993288590604,0.12751677852348994,0.0738255033557047,0.06040268456375839,0.11409395973154363,0.9906,2.684563758389262,4.026845637583892,0.0
human_pos_2059,pos_2059,tt0116908,The Long Kiss Goodnight,pos,A,human,human,0,102,103,5,0.68,20.6,0.20388349514563106,0.14563106796116504,0.06796116504854369,0.0970873786407767,0.07766990291262135,0.9316,3.8834951456310676,0.9708737864077669,0.0
human_pos_2252,pos_2252,tt0404030,Everything Is Illuminated,pos,A,human,human,0,143,144,7,0.76,20.571428571428573,0.2638888888888889,0.18055555555555555,0.05555555555555555,0.020833333333333332,0.10416666666666667,0.9872,1.3888888888888888,0.0,0.0
human_pos_6309,pos_6309,tt0398883,The Consequences of Love,pos,A,human,human,0,113,115,6,0.72,19.166666666666668,0.28695652173913044,0.09565217391304348,0.10434782608695652,0.043478260869565216,0.06956521739130435,0.7422,1.7391304347826086,0.0,0.0
human_pos_6119,pos_6119,tt0069089,Pink Flamingos,pos,A,human,human,0,131,137,12,0.69,11.416666666666666,0.2116788321167883,0.08029197080291971,0.10218978102189781,0.043795620437956206,0.11678832116788321,0.9516,0.7299270072992701,0.0,0.0
human_pos_5340,pos_5340,tt0312004,Wallace & Gromit: The Curse of the Were-Rabbit,pos,A,human,human,0,143,145,6,0.76,24.166666666666668,0.2689655172413793,0.16551724137931034,0.09655172413793103,0.06206896551724138,0.1103448275862069,0.872,6.206896551724138,0.0,0.6896551724137931
human_pos_1665,pos_1665,tt0048021,Rififi,pos,A,human,human,0,136,137,5,0.74,27.4,0.18248175182481752,0.11678832116788321,0.11678832116788321,0.06569343065693431,0.1386861313868613,0.9705,6.569343065693431,0.0,0.0
human_pos_7865,pos_7865,tt0066819,The Beguiled,pos,A,human,human,0,107,110,9,0.83,12.222222222222221,0.2909090909090909,0.09090909090909091,0.11818181818181818,0.045454545454545456,0.07272727272727272,0.7847,3.6363636363636362,0.0,0.0
human_pos_3599,pos_3599,tt0238112,Captain Corelli's Mandolin,pos,A,human,human,0,102,105,5,0.75,21.0,0.2571428571428571,0.12380952380952381,0.0761904761904762,0.0380952380952381,0.06666666666666667,0.9601,4.761904761904762,0.0,0.0
human_pos_5307,pos_5307,tt0301976,The United States of Leland,pos,A,human,human,0,124,125,7,0.76,17.857142857142858,0.208,0.144,0.088,0.048,0.168,0.9624,1.6,3.2,0.0
human_pos_5480,pos_5480,tt0107206,In the Line of Fire,pos,A,human,human,0,149,158,9,0.76,17.555555555555557,0.2848101265822785,0.08860759493670886,0.0759493670886076,0.06962025316455696,0.05063291139240506,0.7997,2.5316455696202533,0.0,0.0
human_pos_9131,pos_9131,tt0065531,The Red Circle,pos,A,human,human,0,106,107,10,0.73,10.7,0.2336448598130841,0.11214953271028037,0.12149532710280374,0.056074766355140186,0.1588785046728972,0.987,3.7383177570093453,0.0,0.0
human_pos_9685,pos_9685,tt0493430,Jackass Number Two,pos,A,human,human,0,123,130,8,0.74,16.25,0.2153846153846154,0.1076923076923077,0.07692307692307693,0.05384615384615385,0.1076923076923077,0.9272,0.7692307692307693,6.923076923076923,0.0
human_pos_9452,pos_9452,tt0454945,She's the Man,pos,A,human,human,0,126,127,12,0.75,10.583333333333334,0.15748031496062992,0.15748031496062992,0.06299212598425197,0.14173228346456693,0.14960629921259844,0.9403,3.149606299212598,0.0,0.0
human_pos_6649,pos_6649,tt0159365,Cold Mountain,pos,A,human,human,0,112,118,14,0.77,8.428571428571429,0.23728813559322035,0.06779661016949153,0.13559322033898305,0.0847457627118644,0.11016949152542373,0.9873,4.23728813559322,0.0,1.694915254237288
human_pos_5031,pos_5031,tt0117038,Michael,pos,A,human,human,0,128,131,7,0.71,18.714285714285715,0.24427480916030533,0.0916030534351145,0.0916030534351145,0.0916030534351145,0.07633587786259542,0.9166,3.0534351145038165,1.5267175572519083,0.0
human_pos_11404,pos_11404,tt0455857,When a Stranger Calls,pos,A,human,human,0,141,141,9,0.7,15.666666666666666,0.18439716312056736,0.10638297872340426,0.12056737588652482,0.07801418439716312,0.1276595744680851,0.919,2.127659574468085,0.0,0.0
human_pos_10155,pos_10155,tt0049470,The Man Who Knew Too Much,pos,A,human,human,0,149,155,7,0.78,22.142857142857142,0.2,0.12903225806451613,0.08387096774193549,0.08387096774193549,0.11612903225806452,0.7999,3.870967741935484,0.0,0.0
human_pos_10473,pos_10473,tt0092603,Babette's Feast,pos,A,human,human,0,119,122,7,0.74,17.428571428571427,0.22131147540983606,0.16393442622950818,0.11475409836065574,0.03278688524590164,0.10655737704918032,0.9081,6.557377049180328,0.0,0.0
human_pos_6673,pos_6673,tt0272152,K-PAX,pos,A,human,human,0,125,128,10,0.76,12.8,0.2890625,0.125,0.046875,0.046875,0.125,0.9393,5.46875,0.0,0.0
human_pos_8781,pos_8781,tt0035279,Saboteur,pos,A,human,human,0,121,122,7,0.71,17.428571428571427,0.2540983606557377,0.09836065573770492,0.11475409836065574,0.05737704918032787,0.040983606557377046,0.8762,4.098360655737705,0.0,0.0
human_pos_1600,pos_1600,tt0067445,Death in Venice,pos,A,human,human,0,111,119,5,0.76,23.8,0.23529411764705882,0.09243697478991597,0.12605042016806722,0.09243697478991597,0.09243697478991597,0.3367,10.92436974789916,0.8403361344537815,0.0
human_pos_297,pos_297,tt0078788,Apocalypse Now,pos,A,human,human,0,138,138,11,0.72,12.545454545454545,0.2536231884057971,0.09420289855072464,0.14492753623188406,0.08695652173913043,0.07971014492753623,0.4026,1.4492753623188406,4.3478260869565215,0.0
human_pos_5959,pos_5959,tt0464913,"OSS 117: Cairo, Nest of Spies",pos,A,human,human,0,113,123,7,0.8,17.571428571428573,0.2682926829268293,0.06504065040650407,0.13008130081300814,0.07317073170731707,0.07317073170731707,0.8908,6.504065040650407,0.8130081300813009,0.0
human_pos_2022,pos_2022,tt0202470,Rock Star,pos,A,human,human,0,127,132,6,0.75,22.0,0.24242424242424243,0.12121212121212122,0.045454545454545456,0.06818181818181818,0.12878787878787878,0.9828,6.0606060606060606,0.7575757575757576,0.0
human_pos_1188,pos_1188,tt0079261,Hair,pos,A,human,human,0,127,127,13,0.72,9.76923076923077,0.14960629921259844,0.16535433070866143,0.07086614173228346,0.06299212598425197,0.1968503937007874,0.9838,3.937007874015748,0.0,0.7874015748031495
human_pos_9968,pos_9968,tt0379889,The Merchant of Venice,pos,A,human,human,0,129,131,7,0.74,18.714285714285715,0.3053435114503817,0.10687022900763359,0.09923664122137404,0.015267175572519083,0.05343511450381679,0.877,2.2900763358778624,0.0,0.0
human_pos_1000,pos_1000,tt0819714,The Edge of Love,pos,A,human,human,0,145,146,10,0.71,14.6,0.2465753424657534,0.10273972602739725,0.07534246575342465,0.0410958904109589,0.10273972602739725,0.9782,1.36986301369863,0.684931506849315,0.0
human_pos_9867,pos_9867,tt0113253,Halloween: The Curse of Michael Myers,pos,A,human,human,0,123,128,7,0.72,18.285714285714285,0.21875,0.109375,0.09375,0.09375,0.125,0.8972,8.59375,0.0,0.0
human_pos_8435,pos_8435,tt0078966,The China Syndrome,pos,A,human,human,0,103,103,5,0.74,20.6,0.23300970873786409,0.0970873786407767,0.08737864077669903,0.08737864077669903,0.04854368932038835,0.9714,3.8834951456310676,0.0,0.0
human_pos_8517,pos_8517,tt0086006,Never Say Never Again,pos,A,human,human,0,144,149,9,0.69,16.555555555555557,0.20134228187919462,0.09395973154362416,0.06040268456375839,0.08053691275167785,0.1476510067114094,0.9193,3.3557046979865772,0.6711409395973155,0.0
human_pos_7986,pos_7986,tt0103776,Batman Returns,pos,A,human,human,0,115,120,7,0.69,17.142857142857142,0.26666666666666666,0.08333333333333333,0.10833333333333334,0.025,0.075,0.9851,2.5,0.0,0.0
human_pos_6073,pos_6073,tt0116209,The English Patient,pos,A,human,human,0,130,133,8,0.66,16.625,0.18045112781954886,0.16541353383458646,0.03007518796992481,0.10526315789473684,0.19548872180451127,0.9892,7.518796992481203,0.0,0.7518796992481203
human_pos_4513,pos_4513,tt0419887,The Kite Runner,pos,A,human,human,0,137,140,5,0.69,28.0,0.22142857142857142,0.1,0.05,0.06428571428571428,0.11428571428571428,0.4933,5.714285714285714,0.0,0.0
human_pos_2414,pos_2414,tt0110657,The Next Karate Kid,pos,A,human,human,0,118,123,7,0.65,17.571428571428573,0.15447154471544716,0.0975609756097561,0.07317073170731707,0.13821138211382114,0.13821138211382114,0.9687,7.317073170731707,0.0,0.0
human_pos_152,pos_152,tt0762073,Thirst,pos,A,human,human,0,148,152,9,0.71,16.88888888888889,0.3026315789473684,0.06578947368421052,0.09868421052631579,0.05263157894736842,0.08552631578947369,0.9741,1.9736842105263157,0.0,0.0
human_pos_9926,pos_9926,tt0093677,Opera,pos,A,human,human,0,107,109,6,0.72,18.166666666666668,0.26605504587155965,0.08256880733944955,0.14678899082568808,0.05504587155963303,0.11926605504587157,0.1565,4.587155963302752,0.0,0.0
human_pos_2781,pos_2781,tt0283900,The Spanish Apartment,pos,A,human,human,0,139,144,10,0.69,14.4,0.16666666666666666,0.14583333333333334,0.06944444444444445,0.10416666666666667,0.18055555555555555,0.9781,2.083333333333333,0.6944444444444444,0.0
human_pos_1248,pos_1248,tt0219854,The Kid,pos,A,human,human,0,141,148,11,0.64,13.454545454545455,0.19594594594594594,0.14864864864864866,0.08783783783783784,0.05405405405405406,0.13513513513513514,0.982,6.081081081081082,0.0,1.3513513513513513
human_pos_5294,pos_5294,tt0876563,Ponyo,pos,A,human,human,0,112,120,5,0.73,24.0,0.24166666666666667,0.13333333333333333,0.075,0.058333333333333334,0.14166666666666666,0.9824,9.166666666666666,0.8333333333333334,0.0
human_pos_5627,pos_5627,tt0181288,American Movie,pos,A,human,human,0,111,117,4,0.73,29.25,0.21367521367521367,0.1452991452991453,0.08547008547008547,0.06837606837606838,0.1111111111111111,0.9645,6.837606837606838,0.0,0.0
human_pos_1807,pos_1807,tt0086525,Valley Girl,pos,A,human,human,0,132,133,7,0.72,19.0,0.2932330827067669,0.13533834586466165,0.045112781954887216,0.05263157894736842,0.11278195488721804,0.9719,4.511278195488721,0.7518796992481203,0.0
human_pos_8863,pos_8863,tt0084787,The Thing,pos,A,human,human,0,125,129,8,0.62,16.125,0.20930232558139536,0.08527131782945736,0.10852713178294573,0.06976744186046512,0.13178294573643412,0.981,3.10077519379845,0.0,0.7751937984496124
human_pos_10136,pos_10136,tt0316465,Radio,pos,B,human,human,0,122,125,9,0.7,13.88888888888889,0.16,0.12,0.08,0.064,0.16,0.8726,5.6000000000000005,3.2,0.0
human_pos_8206,pos_8206,tt0113957,The Net,pos,B,human,human,0,124,133,9,0.76,14.777777777777779,0.23308270676691728,0.14285714285714285,0.09022556390977443,0.06766917293233082,0.17293233082706766,0.9831,9.774436090225564,2.2556390977443606,0.0
human_pos_505,pos_505,tt0120611,Blade,pos,B,human,human,0,125,131,5,0.72,26.2,0.25190839694656486,0.09923664122137404,0.05343511450381679,0.0916030534351145,0.0916030534351145,0.6538,4.580152671755725,0.0,0.0
human_pos_7436,pos_7436,tt0385700,Final Fantasy VII: Advent Children,pos,B,human,human,0,115,119,11,0.67,10.818181818181818,0.20168067226890757,0.13445378151260504,0.058823529411764705,0.10084033613445378,0.1092436974789916,0.9573,1.680672268907563,2.5210084033613445,0.0
human_pos_1956,pos_1956,tt0091860,River's Edge,pos,B,human,human,0,110,112,7,0.75,16.0,0.20535714285714285,0.11607142857142858,0.08035714285714286,0.07142857142857142,0.13392857142857142,0.9772,5.357142857142857,3.571428571428571,0.0
human_pos_975,pos_975,tt0265298,Big Fat Liar,pos,B,human,human,0,150,148,11,0.8,13.454545454545455,0.2972972972972973,0.12837837837837837,0.08108108108108109,0.0472972972972973,0.08108108108108109,0.9656,1.3513513513513513,1.3513513513513513,0.0
human_pos_2335,pos_2335,tt0116130,Down Periscope,pos,B,human,human,0,139,142,7,0.72,20.285714285714285,0.30985915492957744,0.07042253521126761,0.09859154929577464,0.04225352112676056,0.09154929577464789,0.0138,2.8169014084507045,0.0,0.0
human_pos_8479,pos_8479,tt0350258,Ray,pos,B,human,human,0,121,122,10,0.78,12.2,0.32786885245901637,0.13114754098360656,0.10655737704918032,0.040983606557377046,0.09836065573770492,0.9715,4.918032786885246,0.819672131147541,0.0
human_pos_3011,pos_3011,tt0209958,The Cell,pos,B,human,human,0,105,109,8,0.74,13.625,0.24770642201834864,0.07339449541284404,0.1559633027522936,0.01834862385321101,0.11926605504587157,0.9879,9.174311926605505,3.669724770642202,0.0
human_pos_10085,pos_10085,tt0365376,A Tale of Two Sisters,pos,B,human,human,0,129,134,8,0.7,16.75,0.20149253731343283,0.09701492537313433,0.07462686567164178,0.08955223880597014,0.13432835820895522,0.9725,5.970149253731343,5.223880597014925,1.4925373134328357
human_pos_9990,pos_9990,tt0388980,The Greatest Game Ever Played,pos,B,human,human,0,135,136,8,0.61,17.0,0.14705882352941177,0.11029411764705882,0.10294117647058823,0.11029411764705882,0.16911764705882354,0.9938,0.0,1.4705882352941175,0.0
human_pos_1842,pos_1842,tt0122459,Return to Me,pos,B,human,human,0,141,145,16,0.67,9.0625,0.27586206896551724,0.09655172413793103,0.08275862068965517,0.06896551724137931,0.1103448275862069,0.9919,2.7586206896551726,4.137931034482759,0.6896551724137931
human_pos_363,pos_363,tt0044079,Strangers on a Train,pos,B,human,human,0,109,111,9,0.77,12.333333333333334,0.26126126126126126,0.09009009009009009,0.11711711711711711,0.07207207207207207,0.09009009009009009,0.9675,1.8018018018018018,0.0,0.0
human_pos_12463,pos_12463,tt0087365,"Greystoke: The Legend of Tarzan, Lord of the Apes",pos,B,human,human,0,119,120,6,0.77,20.0,0.225,0.1,0.09166666666666666,0.06666666666666667,0.14166666666666666,0.9288,2.5,0.0,0.0
human_pos_12048,pos_12048,tt0109555,Darr,pos,B,human,human,0,133,135,11,0.65,12.272727272727273,0.16296296296296298,0.1111111111111111,0.1259259259259259,0.0962962962962963,0.1259259259259259,0.9838,5.185185185185185,0.7407407407407408,0.0
human_pos_5067,pos_5067,tt0804522,Rendition,pos,B,human,human,0,140,143,9,0.71,15.88888888888889,0.21678321678321677,0.1258741258741259,0.09090909090909091,0.04895104895104895,0.14685314685314685,0.923,4.895104895104895,0.0,0.0
human_pos_9561,pos_9561,tt0218839,Best in Show,pos,B,human,human,0,139,146,6,0.75,24.333333333333332,0.2465753424657534,0.13013698630136986,0.10273972602739725,0.0273972602739726,0.136986301369863,0.9884,4.794520547945205,0.0,0.0
human_pos_4240,pos_4240,tt0144120,Bride of Chucky,pos,B,human,human,0,132,144,7,0.68,20.571428571428573,0.20833333333333334,0.0763888888888889,0.1111111111111111,0.09027777777777778,0.10416666666666667,0.9939,4.861111111111112,0.0,0.0
human_pos_7185,pos_7185,tt0250223,Asterix & Obelix: Mission Cleopatra,pos,B,human,human,0,103,107,7,0.75,15.285714285714286,0.2336448598130841,0.06542056074766354,0.102803738317757,0.06542056074766354,0.11214953271028037,0.9834,2.803738317757009,0.0,0.0
human_pos_1969,pos_1969,tt0120907,eXistenZ,pos,B,human,human,0,111,114,8,0.67,14.25,0.22807017543859648,0.14912280701754385,0.043859649122807015,0.03508771929824561,0.18421052631578946,0.5095,2.631578947368421,0.0,0.0
human_pos_8965,pos_8965,tt0472062,Charlie Wilson's War,pos,B,human,human,0,121,121,11,0.69,11.0,0.30578512396694213,0.06611570247933884,0.09090909090909091,0.05785123966942149,0.0743801652892562,0.8986,13.223140495867769,0.0,0.0
human_pos_4075,pos_4075,tt0284490,Showtime,pos,B,human,human,0,113,116,5,0.72,23.2,0.28448275862068967,0.14655172413793102,0.0603448275862069,0.034482758620689655,0.08620689655172414,0.9259,6.0344827586206895,0.0,0.0
human_pos_6768,pos_6768,tt0342492,The Green Butchers,pos,B,human,human,0,107,111,10,0.67,11.1,0.21621621621621623,0.09009009009009009,0.06306306306306306,0.11711711711711711,0.10810810810810811,0.5864,0.9009009009009009,0.0,0.0
human_pos_6697,pos_6697,tt0089489,Lifeforce,pos,B,human,human,0,119,123,9,0.76,13.666666666666666,0.1951219512195122,0.08943089430894309,0.16260162601626016,0.08943089430894309,0.07317073170731707,0.8919,6.504065040650407,0.0,0.8130081300813009
human_pos_10641,pos_10641,tt0015648,Battleship Potemkin,pos,B,human,human,0,145,151,8,0.72,18.875,0.2119205298013245,0.052980132450331126,0.10596026490066225,0.09933774834437085,0.12582781456953643,0.882,6.622516556291391,0.0,0.0
human_pos_9083,pos_9083,tt0099582,Flatliners,pos,B,human,human,0,121,121,7,0.73,17.285714285714285,0.21487603305785125,0.12396694214876033,0.10743801652892562,0.05785123966942149,0.1322314049586777,0.5411,0.8264462809917356,0.8264462809917356,0.0
human_pos_7479,pos_7479,tt0124901,Thursday,pos,B,human,human,0,123,123,6,0.74,20.5,0.24390243902439024,0.11382113821138211,0.0975609756097561,0.06504065040650407,0.0975609756097561,0.9952,2.4390243902439024,0.8130081300813009,0.8130081300813009
human_pos_1330,pos_1330,tt0349903,Ocean's Twelve,pos,B,human,human,0,112,118,9,0.71,13.11111111111111,0.17796610169491525,0.11016949152542373,0.11016949152542373,0.06779661016949153,0.1271186440677966,0.9752,10.16949152542373,0.0,1.694915254237288
human_pos_8881,pos_8881,tt0094142,Throw Momma from the Train,pos,B,human,human,0,147,150,9,0.62,16.666666666666668,0.29333333333333333,0.12666666666666668,0.06666666666666667,0.02666666666666667,0.14,0.6442,2.0,2.0,0.0
human_pos_2659,pos_2659,tt0062622,2001: A Space Odyssey,pos,B,human,human,0,117,117,5,0.67,23.4,0.28205128205128205,0.1111111111111111,0.05128205128205128,0.03418803418803419,0.03418803418803419,0.8939,11.11111111111111,0.0,0.0
human_pos_5535,pos_5535,tt0095593,Married to the Mob,pos,B,human,human,0,134,141,7,0.72,20.142857142857142,0.24113475177304963,0.07801418439716312,0.11347517730496454,0.0425531914893617,0.10638297872340426,0.7592,3.546099290780142,0.0,0.0
human_pos_12245,pos_12245,tt0092699,Broadcast News,pos,B,human,human,0,119,126,9,0.77,14.0,0.2698412698412698,0.07142857142857142,0.10317460317460317,0.047619047619047616,0.1111111111111111,0.9889,4.761904761904762,0.0,0.0
human_pos_10404,pos_10404,tt0930083,Noroi,pos,B,human,human,0,128,130,11,0.67,11.818181818181818,0.23076923076923078,0.06923076923076923,0.11538461538461539,0.07692307692307693,0.09230769230769231,0.8611,5.384615384615385,0.0,0.7692307692307693
human_pos_12184,pos_12184,tt0238546,Queen of the Damned,pos,B,human,human,0,133,138,13,0.66,10.615384615384615,0.16666666666666666,0.13043478260869565,0.057971014492753624,0.10869565217391304,0.18840579710144928,0.9935,5.797101449275362,2.898550724637681,0.0
human_pos_11867,pos_11867,tt0203755,One Night at McCool's,pos,B,human,human,0,126,129,7,0.67,18.428571428571427,0.27906976744186046,0.08527131782945736,0.12403100775193798,0.05426356589147287,0.09302325581395349,0.8601,2.3255813953488373,1.550387596899225,0.0
human_pos_3914,pos_3914,tt0397065,House of Wax,pos,B,human,human,0,121,132,11,0.69,12.0,0.24242424242424243,0.11363636363636363,0.06060606060606061,0.007575757575757576,0.1590909090909091,0.6917,2.272727272727273,2.272727272727273,1.5151515151515151
human_pos_5199,pos_5199,tt0108211,Stalingrad,pos,B,human,human,0,122,122,8,0.74,15.25,0.28688524590163933,0.10655737704918032,0.09016393442622951,0.06557377049180328,0.09836065573770492,0.7732,0.0,0.0,0.0
human_pos_10235,pos_10235,tt0100260,Nightbreed,pos,B,human,human,0,133,144,7,0.73,20.571428571428573,0.2569444444444444,0.1111111111111111,0.08333333333333333,0.06944444444444445,0.1111111111111111,0.5908,3.4722222222222223,0.0,0.0
human_pos_929,pos_929,tt0111495,Three Colors: Red,pos,B,human,human,0,111,108,5,0.77,21.6,0.19444444444444445,0.1111111111111111,0.12962962962962962,0.05555555555555555,0.1388888888888889,0.9856,0.9259259259259258,0.0,1.8518518518518516
human_pos_3964,pos_3964,tt0384793,Accepted,pos,B,human,human,0,138,143,9,0.63,15.88888888888889,0.16783216783216784,0.17482517482517482,0.06293706293706294,0.03496503496503497,0.14685314685314685,0.9947,6.293706293706294,0.0,0.0
human_pos_5440,pos_5440,tt0483726,Man of the Year,pos,B,human,human,0,134,136,8,0.71,17.0,0.22058823529411764,0.125,0.04411764705882353,0.051470588235294115,0.11029411764705882,0.9567,0.7352941176470588,0.0,0.0
human_pos_11126,pos_11126,tt0080716,Fame,pos,B,human,human,0,117,120,9,0.72,13.333333333333334,0.2916666666666667,0.11666666666666667,0.075,0.05,0.06666666666666667,0.9744,0.8333333333333334,0.0,0.0
human_pos_9103,pos_9103,tt0365830,Tenacious D in the Pick of Destiny,pos,B,human,human,0,115,121,6,0.77,20.166666666666668,0.19834710743801653,0.14049586776859505,0.08264462809917356,0.08264462809917356,0.12396694214876033,0.8302,4.132231404958678,0.0,0.0
human_pos_11574,pos_11574,tt0369702,The Sea Inside,pos,B,human,human,0,134,140,15,0.78,9.333333333333334,0.22857142857142856,0.15714285714285714,0.05714285714285714,0.09285714285714286,0.15,0.9788,5.0,0.7142857142857143,0.7142857142857143
human_pos_10740,pos_10740,tt0079417,Kramer vs. Kramer,pos,B,human,human,0,121,123,6,0.78,20.5,0.2845528455284553,0.11382113821138211,0.0975609756097561,0.04878048780487805,0.032520325203252036,0.945,5.691056910569105,0.0,0.0
human_pos_4590,pos_4590,tt0387808,Idiocracy,pos,B,human,human,0,150,158,11,0.75,14.363636363636363,0.21518987341772153,0.1518987341772152,0.04430379746835443,0.06962025316455696,0.1518987341772152,0.9807,3.1645569620253164,3.79746835443038,0.0
human_pos_7605,pos_7605,tt0151738,Never Been Kissed,pos,B,human,human,0,108,109,7,0.73,15.571428571428571,0.1559633027522936,0.2018348623853211,0.03669724770642202,0.09174311926605505,0.21100917431192662,0.9771,3.669724770642202,1.834862385321101,0.0
human_pos_11202,pos_11202,tt0346094,Distant,pos,B,human,human,0,101,101,6,0.7,16.833333333333332,0.25742574257425743,0.10891089108910891,0.12871287128712872,0.0297029702970297,0.10891089108910891,0.3064,6.9306930693069315,0.9900990099009901,0.0
human_pos_3840,pos_3840,tt0065421,The Aristocats,pos,B,human,human,0,137,141,12,0.73,11.75,0.2198581560283688,0.09219858156028368,0.09219858156028368,0.09929078014184398,0.11347517730496454,0.9853,8.51063829787234,0.7092198581560284,0.0
human_pos_7022,pos_7022,tt0092890,Dirty Dancing,pos,B,human,human,0,117,114,5,0.71,22.8,0.21929824561403508,0.09649122807017543,0.12280701754385964,0.12280701754385964,0.11403508771929824,0.9894,4.385964912280701,0.8771929824561403,0.0
human_neg_3769,neg_3769,tt0369672,A Love Song for Bobby Long,neg,A,human,human,0,137,140,11,0.79,12.727272727272727,0.19285714285714287,0.11428571428571428,0.12142857142857143,0.10714285714285714,0.11428571428571428,0.3251,5.0,0.7142857142857143,0.7142857142857143
human_neg_4663,neg_4663,tt0120591,Armageddon,neg,A,human,human,0,139,142,17,0.73,8.352941176470589,0.34507042253521125,0.07746478873239436,0.09154929577464789,0.007042253521126761,0.04225352112676056,0.9809,4.929577464788732,2.112676056338028,2.8169014084507045
human_neg_12093,neg_12093,tt0810988,The Nines,neg,A,human,human,0,145,144,6,0.77,24.0,0.2847222222222222,0.09027777777777778,0.0763888888888889,0.0763888888888889,0.1111111111111111,0.9216,0.0,0.6944444444444444,0.0
human_neg_11748,neg_11748,tt0155975,Psycho,neg,A,human,human,0,128,144,8,0.7,18.0,0.2013888888888889,0.10416666666666667,0.09027777777777778,0.06944444444444445,0.09027777777777778,0.4265,6.25,0.0,0.0
human_neg_7354,neg_7354,tt0273517,Darkness,neg,A,human,human,0,120,125,8,0.8,15.625,0.184,0.104,0.112,0.072,0.144,0.9092,8.799999999999999,0.0,1.6
human_neg_10620,neg_10620,tt0165710,Detroit Rock City,neg,A,human,human,0,133,137,4,0.68,34.25,0.25547445255474455,0.10218978102189781,0.072992700729927,0.08759124087591241,0.051094890510948905,0.7269,7.2992700729927,0.0,0.0
human_neg_5713,neg_5713,tt0091635,9½ Weeks,neg,A,human,human,0,108,116,9,0.74,12.88888888888889,0.25,0.08620689655172414,0.06896551724137931,0.0603448275862069,0.12931034482758622,0.4329,5.172413793103448,0.0,4.310344827586207
human_neg_788,neg_788,tt0362478,The Box,neg,A,human,human,0,124,127,7,0.72,18.142857142857142,0.2283464566929134,0.11811023622047244,0.09448818897637795,0.05511811023622047,0.10236220472440945,0.9557,1.574803149606299,0.0,0.7874015748031495
human_neg_11132,neg_11132,tt0181739,Osmosis Jones,neg,A,human,human,0,108,112,5,0.77,22.4,0.2857142857142857,0.0625,0.13392857142857142,0.05357142857142857,0.044642857142857144,0.9345,5.357142857142857,0.0,0.0
human_neg_5317,neg_5317,tt0109190,Baby's Day Out,neg,A,human,human,0,115,119,4,0.8,29.75,0.29411764705882354,0.11764705882352941,0.07563025210084033,0.07563025210084033,0.07563025210084033,0.9322,4.201680672268908,0.0,0.0
human_neg_9560,neg_9560,tt0101516,Bugsy,neg,A,human,human,0,116,121,6,0.75,20.166666666666668,0.19834710743801653,0.12396694214876033,0.08264462809917356,0.09090909090909091,0.1487603305785124,0.7737,0.0,0.0,0.0
human_neg_7517,neg_7517,tt0268695,The Time Machine,neg,A,human,human,0,127,131,10,0.71,13.1,0.21374045801526717,0.09923664122137404,0.06870229007633588,0.05343511450381679,0.08396946564885496,0.0076,0.0,0.0,0.0
human_neg_12006,neg_12006,tt0227538,Spy Kids,neg,A,human,human,0,131,132,9,0.65,14.666666666666666,0.15151515151515152,0.11363636363636363,0.10606060606060606,0.12121212121212122,0.13636363636363635,0.9673,0.7575757575757576,0.0,0.0
human_neg_1337,neg_1337,tt0430770,The Women,neg,A,human,human,0,131,133,5,0.73,26.6,0.18796992481203006,0.13533834586466165,0.06015037593984962,0.10526315789473684,0.08270676691729323,0.7221,2.2556390977443606,0.0,0.0
human_neg_9381,neg_9381,tt0808417,Persepolis,neg,A,human,human,0,150,153,4,0.81,38.25,0.2222222222222222,0.12418300653594772,0.17647058823529413,0.08496732026143791,0.08496732026143791,0.719,5.88235294117647,0.0,0.0
human_neg_6171,neg_6171,tt0443559,Killshot,neg,A,human,human,0,122,123,12,0.64,10.25,0.22764227642276422,0.12195121951219512,0.07317073170731707,0.04065040650406504,0.15447154471544716,0.9825,8.94308943089431,3.2520325203252036,2.4390243902439024
human_neg_9474,neg_9474,tt0086034,Octopussy,neg,A,human,human,0,143,145,6,0.76,24.166666666666668,0.25517241379310346,0.13793103448275862,0.07586206896551724,0.0896551724137931,0.1310344827586207,0.9417,2.7586206896551726,0.0,0.0
human_neg_8632,neg_8632,tt0108473,The Vanishing,neg,A,human,human,0,143,152,8,0.62,19.0,0.13815789473684212,0.17763157894736842,0.08552631578947369,0.07236842105263158,0.13815789473684212,0.3544,1.9736842105263157,0.0,0.0
human_neg_7445,neg_7445,tt0100502,RoboCop 2,neg,A,human,human,0,149,157,7,0.73,22.428571428571427,0.1910828025477707,0.11464968152866242,0.08280254777070063,0.06369426751592357,0.10828025477707007,0.34,4.45859872611465,0.0,0.6369426751592357
human_neg_3814,neg_3814,tt0422401,Hatchet,neg,A,human,human,0,100,111,3,0.82,37.0,0.3333333333333333,0.12612612612612611,0.11711711711711711,0.02702702702702703,0.08108108108108109,0.4278,0.9009009009009009,0.0,0.0
human_neg_6564,neg_6564,tt0098382,Star Trek V: The Final Frontier,neg,A,human,human,0,128,127,4,0.73,31.75,0.2440944881889764,0.14173228346456693,0.06299212598425197,0.08661417322834646,0.07086614173228346,0.6975,5.511811023622047,0.0,0.0
human_neg_3565,neg_3565,tt0095467,A Short Film About Love,neg,A,human,human,0,131,139,6,0.77,23.166666666666668,0.20863309352517986,0.10071942446043165,0.09352517985611511,0.050359712230215826,0.09352517985611511,0.9528,5.755395683453238,0.0,0.0
human_neg_2329,neg_2329,tt0166924,Mulholland Drive,neg,A,human,human,0,138,140,9,0.63,15.555555555555555,0.2,0.10714285714285714,0.1,0.06428571428571428,0.10714285714285714,0.8968,6.428571428571428,0.0,0.7142857142857143
human_neg_7893,neg_7893,tt0367085,Soul Plane,neg,A,human,human,0,115,117,6,0.75,19.5,0.27350427350427353,0.05128205128205128,0.13675213675213677,0.02564102564102564,0.03418803418803419,0.9692,2.564102564102564,0.0,0.0
human_neg_3460,neg_3460,tt0379865,Leatherheads,neg,A,human,human,0,128,130,13,0.73,10.0,0.23076923076923078,0.11538461538461539,0.06153846153846154,0.046153846153846156,0.14615384615384616,0.4033,3.8461538461538463,0.0,0.0
human_neg_10907,neg_10907,tt0104040,The Cutting Edge,neg,A,human,human,0,127,133,9,0.72,14.777777777777779,0.14285714285714285,0.12030075187969924,0.13533834586466165,0.10526315789473684,0.14285714285714285,0.9569,1.5037593984962405,0.0,0.0
human_neg_7580,neg_7580,tt0440803,Shutter,neg,A,human,human,0,131,138,5,0.69,27.6,0.1956521739130435,0.10869565217391304,0.057971014492753624,0.10144927536231885,0.15217391304347827,0.3974,2.1739130434782608,0.0,0.0
human_neg_6383,neg_6383,tt0081633,Time Bandits,neg,A,human,human,0,139,143,14,0.72,10.214285714285714,0.24475524475524477,0.11188811188811189,0.0979020979020979,0.055944055944055944,0.1048951048951049,0.9249,0.0,0.0,4.895104895104895
human_neg_4254,neg_4254,tt0097123,Crimes and Misdemeanors,neg,A,human,human,0,127,133,9,0.69,14.777777777777779,0.18045112781954886,0.16541353383458646,0.05263157894736842,0.06766917293233082,0.16541353383458646,0.5229,6.015037593984962,2.2556390977443606,0.7518796992481203
human_neg_7039,neg_7039,tt0098622,Warlock,neg,A,human,human,0,131,133,9,0.86,14.777777777777779,0.3458646616541353,0.12781954887218044,0.12781954887218044,0.045112781954887216,0.06766917293233082,0.8774,2.2556390977443606,0.0,0.7518796992481203
human_neg_9642,neg_9642,tt0489281,Stop-Loss,neg,A,human,human,0,112,121,5,0.79,24.2,0.34710743801652894,0.10743801652892562,0.1322314049586777,0.03305785123966942,0.05785123966942149,0.9712,9.090909090909092,0.0,0.0
human_neg_6585,neg_6585,tt0338348,The Polar Express,neg,A,human,human,0,121,123,9,0.69,13.666666666666666,0.22764227642276422,0.08943089430894309,0.13821138211382114,0.024390243902439025,0.056910569105691054,0.7697,4.0650406504065035,0.0,0.0
human_neg_7103,neg_7103,tt0114614,Tank Girl,neg,A,human,human,0,116,117,7,0.75,16.714285714285715,0.3162393162393162,0.08547008547008547,0.11965811965811966,0.05128205128205128,0.05982905982905983,0.0487,8.547008547008547,0.0,0.0
human_neg_7583,neg_7583,tt0099005,Air America,neg,A,human,human,0,147,152,9,0.8,16.88888888888889,0.34210526315789475,0.09868421052631579,0.07236842105263158,0.019736842105263157,0.09868421052631579,0.8695,4.605263157894736,0.0,0.0
human_neg_5852,neg_5852,tt0250687,Rat Race,neg,A,human,human,0,120,126,3,0.71,42.0,0.15873015873015872,0.1349206349206349,0.1111111111111111,0.11904761904761904,0.14285714285714285,0.9547,6.349206349206349,0.7936507936507936,0.0
human_neg_7606,neg_7606,tt0069945,Dark Star,neg,A,human,human,0,144,147,13,0.86,11.307692307692308,0.24489795918367346,0.11564625850340136,0.09523809523809523,0.1292517006802721,0.08163265306122448,0.9739,4.081632653061225,0.6802721088435374,0.6802721088435374
human_neg_3054,neg_3054,tt0093624,Night of the Demons,neg,A,human,human,0,141,146,9,0.72,16.22222222222222,0.3287671232876712,0.07534246575342465,0.08904109589041095,0.03424657534246575,0.0410958904109589,0.9272,7.534246575342466,0.0,0.684931506849315
human_neg_6830,neg_6830,tt0119395,The Jackal,neg,A,human,human,0,120,121,12,0.71,10.083333333333334,0.21487603305785125,0.09090909090909091,0.09917355371900827,0.0743801652892562,0.06611570247933884,0.3148,5.785123966942149,0.0,1.6528925619834711
human_neg_12190,neg_12190,tt0116367,From Dusk Till Dawn,neg,A,human,human,0,131,138,6,0.75,23.0,0.2246376811594203,0.15217391304347827,0.06521739130434782,0.014492753623188406,0.10869565217391304,0.1366,4.3478260869565215,0.0,0.0
human_neg_4338,neg_4338,tt0114576,Sudden Death,neg,A,human,human,0,131,134,8,0.71,16.75,0.21641791044776118,0.12686567164179105,0.05970149253731343,0.08208955223880597,0.09701492537313433,0.7159,3.731343283582089,0.0,0.0
human_neg_2663,neg_2663,tt0156934,Random Hearts,neg,A,human,human,0,130,132,15,0.63,8.8,0.12878787878787878,0.21212121212121213,0.03787878787878788,0.06818181818181818,0.21212121212121213,0.7739,1.5151515151515151,0.0,2.272727272727273
human_neg_8596,neg_8596,tt0101393,Backdraft,neg,A,human,human,0,136,147,7,0.76,21.0,0.2857142857142857,0.08163265306122448,0.09523809523809523,0.061224489795918366,0.10204081632653061,0.824,7.482993197278912,0.0,0.0
human_neg_4885,neg_4885,tt0067355,They Call Me Trinity,neg,A,human,human,0,148,148,4,0.7,37.0,0.23648648648648649,0.16216216216216217,0.07432432432432433,0.013513513513513514,0.1554054054054054,0.5023,0.0,0.0,0.0
human_neg_3435,neg_3435,tt0116213,Eraser,neg,A,human,human,0,105,107,7,0.69,15.285714285714286,0.17757009345794392,0.14953271028037382,0.09345794392523364,0.09345794392523364,0.11214953271028037,0.8584,8.411214953271028,1.8691588785046727,0.9345794392523363
human_neg_9006,neg_9006,tt0155267,The Thomas Crown Affair,neg,A,human,human,0,119,123,7,0.76,17.571428571428573,0.23577235772357724,0.12195121951219512,0.11382113821138211,0.024390243902439025,0.12195121951219512,0.9269,3.2520325203252036,0.8130081300813009,0.0
human_neg_6858,neg_6858,tt0140379,A Midsummer Night's Dream,neg,A,human,human,0,103,106,5,0.72,21.2,0.20754716981132076,0.12264150943396226,0.07547169811320754,0.04716981132075472,0.1509433962264151,0.3919,6.60377358490566,0.0,0.0
human_neg_7131,neg_7131,tt0433386,The Grudge 2,neg,A,human,human,0,129,132,9,0.65,14.666666666666666,0.22727272727272727,0.09090909090909091,0.08333333333333333,0.07575757575757576,0.045454545454545456,0.9089,3.787878787878788,2.272727272727273,0.0
human_neg_9623,neg_9623,tt0366780,Mirrormask,neg,A,human,human,0,140,147,7,0.7,21.0,0.24489795918367346,0.09523809523809523,0.10884353741496598,0.061224489795918366,0.061224489795918366,0.8871,7.482993197278912,0.0,0.0
human_neg_12363,neg_12363,tt0271367,Eight Legged Freaks,neg,A,human,human,0,148,155,9,0.61,17.22222222222222,0.1870967741935484,0.1032258064516129,0.07741935483870968,0.05161290322580645,0.12903225806451613,0.9295,3.225806451612903,0.0,0.0
human_neg_7941,neg_7941,tt0398712,Assault on Precinct 13,neg,A,human,human,0,146,147,9,0.78,16.333333333333332,0.25170068027210885,0.07482993197278912,0.16326530612244897,0.08163265306122448,0.11564625850340136,0.9663,6.122448979591836,0.0,0.0
human_neg_12129,neg_12129,tt0099329,Cry-Baby,neg,B,human,human,0,112,120,8,0.78,15.0,0.25,0.1,0.06666666666666667,0.05,0.15,0.8518,4.166666666666666,0.0,0.0
human_neg_8095,neg_8095,tt0246989,Tomcats,neg,B,human,human,0,111,117,9,0.71,13.0,0.1623931623931624,0.15384615384615385,0.05982905982905983,0.13675213675213677,0.09401709401709402,0.932,1.7094017094017095,0.8547008547008548,0.0
human_neg_3891,neg_3891,tt0077405,Days of Heaven,neg,B,human,human,0,128,131,13,0.74,10.076923076923077,0.24427480916030533,0.1450381679389313,0.08396946564885496,0.07633587786259542,0.09923664122137404,0.4404,4.580152671755725,0.0,0.0
human_neg_2360,neg_2360,tt0188674,Human Traffic,neg,B,human,human,0,113,113,7,0.7,16.142857142857142,0.24778761061946902,0.12389380530973451,0.07964601769911504,0.09734513274336283,0.07079646017699115,0.9132,6.1946902654867255,0.0,0.0
human_neg_5228,neg_5228,tt0107665,Needful Things,neg,B,human,human,0,109,110,8,0.73,13.75,0.33636363636363636,0.1,0.07272727272727272,0.03636363636363636,0.05454545454545454,0.3343,1.8181818181818181,0.0,0.9090909090909091
human_neg_11943,neg_11943,tt0481141,No Reservations,neg,B,human,human,0,132,138,9,0.77,15.333333333333334,0.2608695652173913,0.11594202898550725,0.09420289855072464,0.036231884057971016,0.09420289855072464,0.9008,3.6231884057971016,0.0,0.0
human_neg_3549,neg_3549,tt0896798,Cleaner,neg,B,human,human,0,124,127,8,0.68,15.875,0.16535433070866143,0.14960629921259844,0.09448818897637795,0.047244094488188976,0.13385826771653545,0.9286,1.574803149606299,0.0,0.0
human_neg_5891,neg_5891,tt0390022,Friday Night Lights,neg,B,human,human,0,116,116,8,0.72,14.5,0.20689655172413793,0.13793103448275862,0.0603448275862069,0.10344827586206896,0.10344827586206896,0.189,8.620689655172415,0.0,0.0
human_neg_6981,neg_6981,tt0800039,Forgetting Sarah Marshall,neg,B,human,human,0,150,157,12,0.74,13.083333333333334,0.21019108280254778,0.11464968152866242,0.07643312101910828,0.06369426751592357,0.14012738853503184,0.9165,3.1847133757961785,0.0,1.2738853503184715
human_neg_5058,neg_5058,tt0133046,Teaching Mrs. Tingle,neg,B,human,human,0,136,138,11,0.67,12.545454545454545,0.2463768115942029,0.09420289855072464,0.12318840579710146,0.043478260869565216,0.07971014492753623,0.5582,4.3478260869565215,0.0,0.0
human_neg_10725,neg_10725,tt0369441,Fun with Dick and Jane,neg,B,human,human,0,135,137,12,0.75,11.416666666666666,0.25547445255474455,0.10948905109489052,0.06569343065693431,0.08759124087591241,0.10948905109489052,0.1188,8.02919708029197,0.0,1.4598540145985401
human_neg_8876,neg_8876,tt0455957,Goya's Ghosts,neg,B,human,human,0,108,109,9,0.73,12.11111111111111,0.23853211009174313,0.10091743119266056,0.10091743119266056,0.07339449541284404,0.09174311926605505,0.8114,3.669724770642202,0.0,0.0
human_neg_10580,neg_10580,tt0426592,Superhero Movie,neg,B,human,human,0,140,144,6,0.68,24.0,0.1736111111111111,0.1388888888888889,0.10416666666666667,0.041666666666666664,0.10416666666666667,0.7363,5.555555555555555,0.0,0.6944444444444444
human_neg_4246,neg_4246,tt0119313,Hope Floats,neg,B,human,human,0,140,141,10,0.71,14.1,0.19148936170212766,0.16312056737588654,0.05673758865248227,0.06382978723404255,0.1773049645390071,0.9669,1.4184397163120568,0.0,0.0
human_neg_4078,neg_4078,tt0413099,Evan Almighty,neg,B,human,human,0,143,151,7,0.7,21.571428571428573,0.24503311258278146,0.10596026490066225,0.0728476821192053,0.11258278145695365,0.11920529801324503,0.8187,3.9735099337748347,1.9867549668874174,0.0
human_neg_10641,neg_10641,tt0116514,Hellraiser: Bloodline,neg,B,human,human,0,104,107,7,0.76,15.285714285714286,0.3364485981308411,0.09345794392523364,0.07476635514018691,0.04672897196261682,0.056074766355140186,0.8807,2.803738317757009,0.0,0.0
human_neg_12008,neg_12008,tt0102719,Problem Child 2,neg,B,human,human,0,100,102,8,0.75,12.75,0.2647058823529412,0.11764705882352941,0.09803921568627451,0.0392156862745098,0.08823529411764706,0.9414,6.862745098039216,2.941176470588235,2.941176470588235
human_neg_1078,neg_1078,tt0317740,The Italian Job,neg,B,human,human,0,147,151,11,0.73,13.727272727272727,0.2119205298013245,0.11258278145695365,0.0728476821192053,0.09271523178807947,0.11258278145695365,0.8296,7.28476821192053,0.6622516556291391,0.0
human_neg_10080,neg_10080,tt0163025,Jurassic Park III,neg,B,human,human,0,117,118,8,0.72,14.75,0.1864406779661017,0.1440677966101695,0.0847457627118644,0.05084745762711865,0.11864406779661017,0.6193,2.5423728813559325,0.0,0.0
human_neg_5911,neg_5911,tt0097481,Harlem Nights,neg,B,human,human,0,143,148,14,0.76,10.571428571428571,0.19594594594594594,0.12162162162162163,0.0945945945945946,0.05405405405405406,0.10810810810810811,0.8769,4.72972972972973,0.0,2.027027027027027
human_neg_11256,neg_11256,tt0910905,In the Electric Mist,neg,B,human,human,0,131,134,7,0.74,19.142857142857142,0.30597014925373134,0.1044776119402985,0.05970149253731343,0.007462686567164179,0.12686567164179105,0.9344,1.4925373134328357,0.0,1.4925373134328357
human_neg_11292,neg_11292,tt0212985,Hannibal,neg,B,human,human,0,117,125,11,0.72,11.363636363636363,0.216,0.08,0.104,0.088,0.08,0.9254,0.8,2.4,0.8
human_neg_4965,neg_4965,tt0490076,All the Boys Love Mandy Lane,neg,B,human,human,0,150,154,8,0.77,19.25,0.19480519480519481,0.15584415584415584,0.05844155844155844,0.08441558441558442,0.11688311688311688,0.2931,7.792207792207792,0.6493506493506493,0.0
human_neg_8488,neg_8488,tt0362165,Son of the Mask,neg,B,human,human,0,150,154,11,0.73,14.0,0.2077922077922078,0.07792207792207792,0.12337662337662338,0.07792207792207792,0.09740259740259741,0.1061,3.896103896103896,0.0,0.0
human_neg_4166,neg_4166,tt0345061,Code 46,neg,B,human,human,0,136,138,6,0.77,23.0,0.2536231884057971,0.15942028985507245,0.043478260869565216,0.043478260869565216,0.09420289855072464,0.089,0.7246376811594203,0.0,0.0
human_neg_4773,neg_4773,tt0963794,The Ruins,neg,B,human,human,0,139,143,10,0.73,14.3,0.20279720279720279,0.16083916083916083,0.06293706293706294,0.055944055944055944,0.1258741258741259,0.9289,6.293706293706294,2.097902097902098,0.0
human_neg_6027,neg_6027,tt0450340,Unknown,neg,B,human,human,0,111,119,7,0.71,17.0,0.19327731092436976,0.15126050420168066,0.07563025210084033,0.06722689075630252,0.17647058823529413,0.4253,7.563025210084033,0.0,0.0
human_neg_5077,neg_5077,tt0402910,Chaos,neg,B,human,human,0,119,117,7,0.73,16.714285714285715,0.2905982905982906,0.07692307692307693,0.09401709401709402,0.042735042735042736,0.08547008547008547,0.8995,2.564102564102564,1.7094017094017095,0.0
human_neg_3503,neg_3503,tt0375679,Crash,neg,B,human,human,0,109,111,10,0.77,11.1,0.25225225225225223,0.12612612612612611,0.0990990990990991,0.09009009009009009,0.0990990990990991,0.5117,3.6036036036036037,0.9009009009009009,0.0
human_neg_6300,neg_6300,tt0109045,"The Adventures of Priscilla, Queen of the Desert",neg,B,human,human,0,128,132,7,0.77,18.857142857142858,0.25,0.09090909090909091,0.09848484848484848,0.05303030303030303,0.13636363636363635,0.8523,4.545454545454546,0.7575757575757576,0.0
human_neg_9512,neg_9512,tt0099726,Hamlet,neg,B,human,human,0,125,130,6,0.72,21.666666666666668,0.2230769230769231,0.1,0.1076923076923077,0.05384615384615385,0.06153846153846154,0.9621,6.153846153846154,0.0,0.0
human_neg_11469,neg_11469,tt0970452,Solomon Kane,neg,B,human,human,0,138,138,5,0.68,27.6,0.16666666666666666,0.10869565217391304,0.13768115942028986,0.050724637681159424,0.12318840579710146,0.6851,5.797101449275362,0.0,0.0
human_neg_8644,neg_8644,tt0117107,Mulholland Falls,neg,B,human,human,0,140,142,9,0.69,15.777777777777779,0.19014084507042253,0.11267605633802817,0.09154929577464789,0.04929577464788732,0.15492957746478872,0.9721,2.8169014084507045,0.0,0.0
human_neg_12074,neg_12074,tt0158371,Sweet and Lowdown,neg,B,human,human,0,129,131,8,0.73,16.375,0.26717557251908397,0.12213740458015267,0.11450381679389313,0.03816793893129771,0.08396946564885496,0.9227,8.396946564885496,0.0,0.0
human_neg_5330,neg_5330,tt0100135,Men at Work,neg,B,human,human,0,136,139,9,0.76,15.444444444444445,0.20863309352517986,0.1079136690647482,0.08633093525179857,0.10071942446043165,0.09352517985611511,0.769,2.877697841726619,0.7194244604316548,0.7194244604316548
human_neg_9402,neg_9402,tt0417217,Two for the Money,neg,B,human,human,0,104,105,8,0.75,13.125,0.18095238095238095,0.14285714285714285,0.09523809523809523,0.05714285714285714,0.13333333333333333,0.7869,1.9047619047619049,0.0,0.0
human_neg_5061,neg_5061,tt0473753,Angel-A,neg,B,human,human,0,136,144,8,0.83,18.0,0.3263888888888889,0.11805555555555555,0.11805555555555555,0.0625,0.04861111111111111,0.2329,4.166666666666666,0.0,0.0
human_neg_8395,neg_8395,tt0842929,Paranoid Park,neg,B,human,human,0,130,135,11,0.81,12.272727272727273,0.21481481481481482,0.14814814814814814,0.07407407407407407,0.06666666666666667,0.1259259259259259,0.5663,3.7037037037037033,0.0,0.0
human_neg_6446,neg_6446,tt0815244,Sydney White,neg,B,human,human,0,107,108,8,0.74,13.5,0.25925925925925924,0.08333333333333333,0.07407407407407407,0.05555555555555555,0.09259259259259259,0.9349,1.8518518518518516,0.0,0.0
human_neg_7323,neg_7323,tt0101862,Father of the Bride,neg,B,human,human,0,121,123,10,0.73,12.3,0.2032520325203252,0.12195121951219512,0.10569105691056911,0.07317073170731707,0.11382113821138211,0.4774,0.8130081300813009,0.0,0.0
human_neg_10011,neg_10011,tt0113627,Leaving Las Vegas,neg,B,human,human,0,110,112,10,0.75,11.2,0.15178571428571427,0.10714285714285714,0.11607142857142858,0.044642857142857144,0.125,0.5135,3.571428571428571,0.0,0.8928571428571428
human_neg_5126,neg_5126,tt0085549,Flashdance,neg,B,human,human,0,113,109,8,0.64,13.625,0.21100917431192662,0.10091743119266056,0.06422018348623854,0.11926605504587157,0.11009174311926606,0.8433,9.174311926605505,0.9174311926605505,0.0
human_neg_4730,neg_4730,tt0758730,Aliens vs. Predator: Requiem,neg,B,human,human,0,142,142,1,0.74,142.0,0.20422535211267606,0.16901408450704225,0.1056338028169014,0.07746478873239436,0.1056338028169014,0.883,4.225352112676056,0.0,0.0
human_neg_11042,neg_11042,tt0364569,Oldboy,neg,B,human,human,0,114,127,9,0.6,14.11111111111111,0.16535433070866143,0.14960629921259844,0.07086614173228346,0.07874015748031496,0.14960629921259844,0.9089,4.724409448818897,0.0,0.0
human_neg_4522,neg_4522,tt0425061,Get Smart,neg,B,human,human,0,126,129,14,0.67,9.214285714285714,0.23255813953488372,0.11627906976744186,0.13178294573643412,0.046511627906976744,0.10077519379844961,0.9834,2.3255813953488373,0.0,0.7751937984496124
human_neg_11926,neg_11926,tt0402022,Æon Flux,neg,B,human,human,0,121,127,8,0.8,15.875,0.2283464566929134,0.10236220472440945,0.11811023622047244,0.07874015748031496,0.09448818897637795,0.8555,7.086614173228346,0.0,0.0
human_neg_446,neg_446,tt0118604,An American Werewolf in Paris,neg,B,human,human,0,117,118,6,0.76,19.666666666666668,0.22033898305084745,0.13559322033898305,0.09322033898305085,0.09322033898305085,0.0847457627118644,0.2975,6.779661016949152,0.0,0.0
human_neg_6710,neg_6710,tt0339135,In Hell,neg,B,human,human,0,118,120,7,0.63,17.142857142857142,0.26666666666666666,0.10833333333333334,0.075,0.09166666666666666,0.05,0.9928,3.3333333333333335,0.0,0.0
human_neg_6217,neg_6217,tt0795421,Mamma Mia!,neg,B,human,human,0,135,136,12,0.67,11.333333333333334,0.18382352941176472,0.13970588235294118,0.10294117647058823,0.029411764705882353,0.13970588235294118,0.6417,0.7352941176470588,0.7352941176470588,1.4705882352941175
human_neg_11419,neg_11419,tt0834001,Underworld: Rise of the Lycans,neg,B,human,human,0,118,120,6,0.77,20.0,0.23333333333333334,0.13333333333333333,0.08333333333333333,0.06666666666666667,0.10833333333333334,0.2075,5.0,0.0,0.0
llm_A_pos_11652,pos_11652,tt0112818,Dead Man Walking,pos,A,llm_A,gpt-4o-mini,1,143,149,6,0.79,24.833333333333332,0.38926174496644295,0.11409395973154363,0.0738255033557047,0.026845637583892617,0.053691275167785234,0.3291,6.7114093959731544,0.0,0.0
llm_A_pos_1265,pos_1265,tt0154506,Following,pos,A,llm_A,gpt-4o-mini,1,148,156,9,0.79,17.333333333333332,0.30128205128205127,0.15384615384615385,0.14102564102564102,0.02564102564102564,0.05128205128205128,0.9538,6.41025641025641,0.0,0.0
llm_A_pos_10903,pos_10903,tt0119360,In & Out,pos,A,llm_A,gpt-4o-mini,1,147,149,8,0.83,18.625,0.33557046979865773,0.14093959731543623,0.10067114093959731,0.06040268456375839,0.0738255033557047,0.9846,4.697986577181208,0.6711409395973155,0.0
llm_A_pos_2560,pos_2560,tt0462200,Black Snake Moan,pos,A,llm_A,gpt-4o-mini,1,136,142,7,0.81,20.285714285714285,0.3732394366197183,0.11267605633802817,0.11971830985915492,0.028169014084507043,0.07746478873239436,0.9652,9.15492957746479,0.7042253521126761,0.0
llm_A_pos_11382,pos_11382,tt0118749,Boogie Nights,pos,A,llm_A,gpt-4o-mini,1,149,152,7,0.77,21.714285714285715,0.3815789473684211,0.08552631578947369,0.1118421052631579,0.02631578947368421,0.039473684210526314,0.9899,9.210526315789473,0.6578947368421052,0.0
llm_A_pos_7792,pos_7792,tt0109117,Andaz Apna Apna,pos,A,llm_A,gpt-4o-mini,1,137,141,7,0.79,20.142857142857142,0.3404255319148936,0.1276595744680851,0.10638297872340426,0.02127659574468085,0.04964539007092199,0.9958,4.964539007092199,0.7092198581560284,0.0
llm_A_pos_7052,pos_7052,tt0079540,Meatballs,pos,A,llm_A,gpt-4o-mini,1,137,145,7,0.81,20.714285714285715,0.33793103448275863,0.11724137931034483,0.1103448275862069,0.034482758620689655,0.06896551724137931,0.9928,5.517241379310345,0.6896551724137931,0.0
llm_A_pos_601,pos_601,tt0079588,The Muppet Movie,pos,A,llm_A,gpt-4o-mini,1,141,144,7,0.76,20.571428571428573,0.3333333333333333,0.10416666666666667,0.10416666666666667,0.020833333333333332,0.05555555555555555,0.9944,4.166666666666666,0.6944444444444444,0.0
llm_A_pos_2059,pos_2059,tt0116908,The Long Kiss Goodnight,pos,A,llm_A,gpt-4o-mini,1,147,154,7,0.81,22.0,0.37662337662337664,0.11038961038961038,0.1038961038961039,0.025974025974025976,0.07142857142857142,0.9924,5.194805194805195,0.0,0.0
llm_A_pos_2252,pos_2252,tt0404030,Everything Is Illuminated,pos,A,llm_A,gpt-4o-mini,1,143,143,8,0.76,17.875,0.2727272727272727,0.15384615384615385,0.08391608391608392,0.04895104895104895,0.09090909090909091,0.9756,7.6923076923076925,0.0,0.0
llm_A_pos_6309,pos_6309,tt0398883,The Consequences of Love,pos,A,llm_A,gpt-4o-mini,1,148,155,8,0.7,19.375,0.3032258064516129,0.15483870967741936,0.09032258064516129,0.03870967741935484,0.05806451612903226,0.9865,5.806451612903226,0.0,0.0
llm_A_pos_6119,pos_6119,tt0069089,Pink Flamingos,pos,A,llm_A,gpt-4o-mini,1,145,149,6,0.78,24.833333333333332,0.3087248322147651,0.08053691275167785,0.1476510067114094,0.013422818791946308,0.09395973154362416,0.9879,5.369127516778524,0.0,0.0
llm_A_pos_5340,pos_5340,tt0312004,Wallace & Gromit: The Curse of the Were-Rabbit,pos,A,llm_A,gpt-4o-mini,1,139,143,7,0.72,20.428571428571427,0.34965034965034963,0.08391608391608392,0.09090909090909091,0.03496503496503497,0.055944055944055944,0.9896,4.895104895104895,0.6993006993006993,0.0
llm_A_pos_1665,pos_1665,tt0048021,Rififi,pos,A,llm_A,gpt-4o-mini,1,131,140,7,0.74,20.0,0.32142857142857145,0.07857142857142857,0.1357142857142857,0.03571428571428571,0.05714285714285714,0.8658,6.428571428571428,0.0,0.0
llm_A_pos_7865,pos_7865,tt0066819,The Beguiled,pos,A,llm_A,gpt-4o-mini,1,135,138,6,0.7,23.0,0.32608695652173914,0.11594202898550725,0.10144927536231885,0.014492753623188406,0.036231884057971016,0.4576,4.3478260869565215,0.0,0.0
llm_A_pos_3599,pos_3599,tt0238112,Captain Corelli's Mandolin,pos,A,llm_A,gpt-4o-mini,1,142,147,7,0.69,21.0,0.3673469387755102,0.12244897959183673,0.07482993197278912,0.04081632653061224,0.047619047619047616,0.9771,8.16326530612245,0.6802721088435374,0.0
llm_A_pos_5307,pos_5307,tt0301976,The United States of Leland,pos,A,llm_A,gpt-4o-mini,1,149,153,7,0.75,21.857142857142858,0.37254901960784315,0.1437908496732026,0.058823529411764705,0.032679738562091505,0.0457516339869281,0.9186,7.18954248366013,0.0,0.0
llm_A_pos_5480,pos_5480,tt0107206,In the Line of Fire,pos,A,llm_A,gpt-4o-mini,1,145,150,7,0.81,21.428571428571427,0.38666666666666666,0.10666666666666667,0.08666666666666667,0.04666666666666667,0.04666666666666667,0.9117,6.0,0.0,0.0
llm_A_pos_9131,pos_9131,tt0065531,The Red Circle,pos,A,llm_A,gpt-4o-mini,1,133,138,8,0.75,17.25,0.35507246376811596,0.10869565217391304,0.07246376811594203,0.057971014492753624,0.057971014492753624,0.9756,8.695652173913043,0.7246376811594203,0.0
llm_A_pos_9685,pos_9685,tt0493430,Jackass Number Two,pos,A,llm_A,gpt-4o-mini,1,140,148,7,0.77,21.142857142857142,0.27702702702702703,0.08108108108108109,0.14189189189189189,0.04054054054054054,0.08108108108108109,0.9787,6.081081081081082,0.6756756756756757,0.0
llm_A_pos_9452,pos_9452,tt0454945,She's the Man,pos,A,llm_A,gpt-4o-mini,1,140,149,7,0.8,21.285714285714285,0.3422818791946309,0.087248322147651,0.10067114093959731,0.040268456375838924,0.087248322147651,0.9939,7.38255033557047,0.0,0.0
llm_A_pos_6649,pos_6649,tt0159365,Cold Mountain,pos,A,llm_A,gpt-4o-mini,1,145,148,7,0.81,21.142857142857142,0.33783783783783783,0.14864864864864866,0.08783783783783784,0.033783783783783786,0.05405405405405406,0.9856,8.108108108108109,0.0,0.0
llm_A_pos_5031,pos_5031,tt0117038,Michael,pos,A,llm_A,gpt-4o-mini,1,144,149,7,0.76,21.285714285714285,0.3288590604026846,0.10738255033557047,0.11409395973154363,0.013422818791946308,0.06040268456375839,0.9922,4.697986577181208,0.0,0.0
llm_A_pos_11404,pos_11404,tt0455857,When a Stranger Calls,pos,A,llm_A,gpt-4o-mini,1,147,150,8,0.76,18.75,0.29333333333333333,0.14,0.10666666666666667,0.03333333333333333,0.06,0.9306,4.666666666666667,0.6666666666666667,0.0
llm_A_pos_10155,pos_10155,tt0049470,The Man Who Knew Too Much,pos,A,llm_A,gpt-4o-mini,1,138,142,8,0.77,17.75,0.3380281690140845,0.13380281690140844,0.07042253521126761,0.04929577464788732,0.06338028169014084,0.9787,7.042253521126761,0.7042253521126761,0.0
llm_A_pos_10473,pos_10473,tt0092603,Babette's Feast,pos,A,llm_A,gpt-4o-mini,1,150,155,7,0.66,22.142857142857142,0.3032258064516129,0.08387096774193549,0.12258064516129032,0.03870967741935484,0.06451612903225806,0.9971,4.516129032258064,0.0,0.0
llm_A_pos_6673,pos_6673,tt0272152,K-PAX,pos,A,llm_A,gpt-4o-mini,1,130,136,7,0.79,19.428571428571427,0.35294117647058826,0.125,0.10294117647058823,0.022058823529411766,0.08823529411764706,0.9709,5.88235294117647,0.0,0.0
llm_A_pos_8781,pos_8781,tt0035279,Saboteur,pos,A,llm_A,gpt-4o-mini,1,134,140,7,0.81,20.0,0.35714285714285715,0.15714285714285714,0.05714285714285714,0.04285714285714286,0.05714285714285714,0.9712,5.714285714285714,0.7142857142857143,0.0
llm_A_pos_1600,pos_1600,tt0067445,Death in Venice,pos,A,llm_A,gpt-4o-mini,1,145,150,7,0.74,21.428571428571427,0.36,0.11333333333333333,0.08666666666666667,0.03333333333333333,0.02666666666666667,0.9783,6.666666666666667,0.0,0.0
llm_A_pos_297,pos_297,tt0078788,Apocalypse Now,pos,A,llm_A,gpt-4o-mini,1,145,152,7,0.76,21.714285714285715,0.3618421052631579,0.09868421052631579,0.10526315789473684,0.03289473684210526,0.046052631578947366,0.6619,3.289473684210526,0.6578947368421052,0.0
llm_A_pos_5959,pos_5959,tt0464913,"OSS 117: Cairo, Nest of Spies",pos,A,llm_A,gpt-4o-mini,1,140,144,7,0.75,20.571428571428573,0.3611111111111111,0.10416666666666667,0.13194444444444445,0.034722222222222224,0.04861111111111111,0.9936,5.555555555555555,0.6944444444444444,0.0
llm_A_pos_2022,pos_2022,tt0202470,Rock Star,pos,A,llm_A,gpt-4o-mini,1,142,146,7,0.74,20.857142857142858,0.3561643835616438,0.11643835616438356,0.0547945205479452,0.04794520547945205,0.06164383561643835,0.9921,5.47945205479452,0.0,0.0
llm_A_pos_1188,pos_1188,tt0079261,Hair,pos,A,llm_A,gpt-4o-mini,1,142,144,7,0.75,20.571428571428573,0.3402777777777778,0.10416666666666667,0.10416666666666667,0.020833333333333332,0.041666666666666664,0.9906,5.555555555555555,0.0,0.0
llm_A_pos_9968,pos_9968,tt0379889,The Merchant of Venice,pos,A,llm_A,gpt-4o-mini,1,131,137,8,0.77,17.125,0.36496350364963503,0.12408759124087591,0.10218978102189781,0.051094890510948905,0.0364963503649635,0.9861,8.02919708029197,0.7299270072992701,0.0
llm_A_pos_1000,pos_1000,tt0819714,The Edge of Love,pos,A,llm_A,gpt-4o-mini,1,137,139,6,0.73,23.166666666666668,0.34532374100719426,0.10071942446043165,0.09352517985611511,0.05755395683453238,0.04316546762589928,0.9915,7.913669064748201,0.0,0.0
llm_A_pos_9867,pos_9867,tt0113253,Halloween: The Curse of Michael Myers,pos,A,llm_A,gpt-4o-mini,1,140,143,6,0.72,23.833333333333332,0.36363636363636365,0.1048951048951049,0.08391608391608392,0.02097902097902098,0.055944055944055944,0.9382,3.4965034965034967,0.0,0.0
llm_A_pos_8435,pos_8435,tt0078966,The China Syndrome,pos,A,llm_A,gpt-4o-mini,1,145,149,7,0.78,21.285714285714285,0.35570469798657717,0.12080536912751678,0.10738255033557047,0.040268456375838924,0.06040268456375839,0.8277,5.369127516778524,0.0,0.0
llm_A_pos_8517,pos_8517,tt0086006,Never Say Never Again,pos,A,llm_A,gpt-4o-mini,1,143,149,6,0.79,24.833333333333332,0.3221476510067114,0.12080536912751678,0.10738255033557047,0.0738255033557047,0.040268456375838924,0.9716,8.053691275167784,0.0,0.0
llm_A_pos_7986,pos_7986,tt0103776,Batman Returns,pos,A,llm_A,gpt-4o-mini,1,136,142,7,0.75,20.285714285714285,0.4014084507042254,0.09859154929577464,0.1056338028169014,0.014084507042253521,0.056338028169014086,0.8957,6.338028169014084,0.0,0.0
llm_A_pos_6073,pos_6073,tt0116209,The English Patient,pos,A,llm_A,gpt-4o-mini,1,146,150,7,0.73,21.428571428571427,0.32,0.12666666666666668,0.09333333333333334,0.03333333333333333,0.06,0.9894,5.333333333333334,0.0,0.0
llm_A_pos_4513,pos_4513,tt0419887,The Kite Runner,pos,A,llm_A,gpt-4o-mini,1,145,150,7,0.71,21.428571428571427,0.3,0.10666666666666667,0.09333333333333334,0.05333333333333334,0.06,0.9841,6.666666666666667,0.0,0.0
llm_A_pos_2414,pos_2414,tt0110657,The Next Karate Kid,pos,A,llm_A,gpt-4o-mini,1,148,150,8,0.75,18.75,0.34,0.15333333333333332,0.07333333333333333,0.02666666666666667,0.07333333333333333,0.9869,7.333333333333333,0.0,0.0
llm_A_pos_152,pos_152,tt0762073,Thirst,pos,A,llm_A,gpt-4o-mini,1,136,145,7,0.77,20.714285714285715,0.36551724137931035,0.11724137931034483,0.1310344827586207,0.020689655172413793,0.06206896551724138,0.9682,9.655172413793103,0.0,0.0
llm_A_pos_9926,pos_9926,tt0093677,Opera,pos,A,llm_A,gpt-4o-mini,1,139,144,7,0.79,20.571428571428573,0.3402777777777778,0.1111111111111111,0.09722222222222222,0.04861111111111111,0.041666666666666664,0.3395,7.638888888888889,0.0,0.0
llm_A_pos_2781,pos_2781,tt0283900,The Spanish Apartment,pos,A,llm_A,gpt-4o-mini,1,141,144,8,0.73,18.0,0.2916666666666667,0.1111111111111111,0.13194444444444445,0.020833333333333332,0.0625,0.9963,6.25,0.0,0.0
llm_A_pos_1248,pos_1248,tt0219854,The Kid,pos,A,llm_A,gpt-4o-mini,1,147,150,8,0.74,18.75,0.32,0.13333333333333333,0.08,0.04666666666666667,0.07333333333333333,0.9925,4.0,0.6666666666666667,0.0
llm_A_pos_5294,pos_5294,tt0876563,Ponyo,pos,A,llm_A,gpt-4o-mini,1,140,142,7,0.75,20.285714285714285,0.31690140845070425,0.13380281690140844,0.09154929577464789,0.04225352112676056,0.04225352112676056,0.9953,4.929577464788732,0.0,0.0
llm_A_pos_5627,pos_5627,tt0181288,American Movie,pos,A,llm_A,gpt-4o-mini,1,135,141,7,0.71,20.142857142857142,0.3120567375886525,0.10638297872340426,0.0851063829787234,0.0425531914893617,0.07092198581560284,0.9814,4.964539007092199,0.0,0.0
llm_A_pos_1807,pos_1807,tt0086525,Valley Girl,pos,A,llm_A,gpt-4o-mini,1,145,148,8,0.7,18.5,0.3108108108108108,0.0945945945945946,0.13513513513513514,0.02027027027027027,0.06756756756756757,0.997,6.756756756756757,0.6756756756756757,0.0
llm_A_pos_8863,pos_8863,tt0084787,The Thing,pos,A,llm_A,gpt-4o-mini,1,142,149,7,0.78,21.285714285714285,0.3691275167785235,0.12751677852348994,0.06711409395973154,0.020134228187919462,0.053691275167785234,0.5426,3.3557046979865772,0.0,0.0
llm_B_pos_10136,pos_10136,tt0316465,Radio,pos,B,llm_B,claude-haiku-4-5-20251001,1,131,135,9,0.8,15.0,0.3333333333333333,0.14814814814814814,0.1111111111111111,0.037037037037037035,0.08148148148148149,0.992,5.9259259259259265,0.0,0.0
llm_B_pos_8206,pos_8206,tt0113957,The Net,pos,B,llm_B,claude-haiku-4-5-20251001,1,142,149,9,0.85,16.555555555555557,0.3624161073825503,0.1342281879194631,0.10067114093959731,0.04697986577181208,0.04697986577181208,0.9134,4.697986577181208,0.0,0.0
llm_B_pos_505,pos_505,tt0120611,Blade,pos,B,llm_B,claude-haiku-4-5-20251001,1,145,147,10,0.83,14.7,0.35374149659863946,0.10884353741496598,0.17006802721088435,0.04081632653061224,0.034013605442176874,0.99,5.442176870748299,0.0,0.0
llm_B_pos_7436,pos_7436,tt0385700,Final Fantasy VII: Advent Children,pos,B,llm_B,claude-haiku-4-5-20251001,1,136,141,8,0.81,17.625,0.3404255319148936,0.10638297872340426,0.1347517730496454,0.06382978723404255,0.028368794326241134,0.9898,4.964539007092199,0.0,0.0
llm_B_pos_1956,pos_1956,tt0091860,River's Edge,pos,B,llm_B,claude-haiku-4-5-20251001,1,139,145,8,0.79,18.125,0.31724137931034485,0.16551724137931034,0.13793103448275862,0.027586206896551724,0.06896551724137931,0.0258,5.517241379310345,0.0,0.0
llm_B_pos_975,pos_975,tt0265298,Big Fat Liar,pos,B,llm_B,claude-haiku-4-5-20251001,1,147,153,11,0.81,13.909090909090908,0.3333333333333333,0.12418300653594772,0.13071895424836602,0.0392156862745098,0.0718954248366013,0.9958,6.535947712418301,0.0,0.0
llm_B_pos_2335,pos_2335,tt0116130,Down Periscope,pos,B,llm_B,claude-haiku-4-5-20251001,1,131,140,9,0.85,15.555555555555555,0.32142857142857145,0.12142857142857143,0.15,0.02142857142857143,0.07857142857142857,0.9947,3.571428571428571,0.0,0.0
llm_B_pos_8479,pos_8479,tt0350258,Ray,pos,B,llm_B,claude-haiku-4-5-20251001,1,130,139,8,0.79,17.375,0.3381294964028777,0.1079136690647482,0.1223021582733813,0.07194244604316546,0.07913669064748201,0.9875,7.913669064748201,0.0,0.0
llm_B_pos_3011,pos_3011,tt0209958,The Cell,pos,B,llm_B,claude-haiku-4-5-20251001,1,135,142,9,0.76,15.777777777777779,0.3380281690140845,0.1056338028169014,0.15492957746478872,0.035211267605633804,0.035211267605633804,0.9913,3.5211267605633805,0.0,0.0
llm_B_pos_10085,pos_10085,tt0365376,A Tale of Two Sisters,pos,B,llm_B,claude-haiku-4-5-20251001,1,146,154,9,0.81,17.11111111111111,0.3181818181818182,0.14285714285714285,0.11038961038961038,0.07142857142857142,0.08441558441558442,0.8952,3.896103896103896,0.0,0.0
llm_B_pos_9990,pos_9990,tt0388980,The Greatest Game Ever Played,pos,B,llm_B,claude-haiku-4-5-20251001,1,148,155,9,0.83,17.22222222222222,0.4,0.12258064516129032,0.09032258064516129,0.05806451612903226,0.03225806451612903,0.9906,5.161290322580645,0.0,0.0
llm_B_pos_1842,pos_1842,tt0122459,Return to Me,pos,B,llm_B,claude-haiku-4-5-20251001,1,138,140,8,0.81,17.5,0.2857142857142857,0.15,0.11428571428571428,0.06428571428571428,0.10714285714285714,0.9928,6.428571428571428,0.0,0.0
llm_B_pos_363,pos_363,tt0044079,Strangers on a Train,pos,B,llm_B,claude-haiku-4-5-20251001,1,138,145,10,0.82,14.5,0.32413793103448274,0.15862068965517243,0.12413793103448276,0.027586206896551724,0.04827586206896552,0.4215,2.0689655172413794,0.0,0.0
llm_B_pos_12463,pos_12463,tt0087365,"Greystoke: The Legend of Tarzan, Lord of the Apes",pos,B,llm_B,claude-haiku-4-5-20251001,1,134,136,9,0.79,15.11111111111111,0.3161764705882353,0.11764705882352941,0.1323529411764706,0.058823529411764705,0.08088235294117647,0.991,2.941176470588235,0.0,0.0
llm_B_pos_12048,pos_12048,tt0109555,Darr,pos,B,llm_B,claude-haiku-4-5-20251001,1,144,150,10,0.83,15.0,0.32,0.12666666666666668,0.13333333333333333,0.07333333333333333,0.08666666666666667,0.984,4.666666666666667,0.0,0.0
llm_B_pos_5067,pos_5067,tt0804522,Rendition,pos,B,llm_B,claude-haiku-4-5-20251001,1,140,145,9,0.81,16.11111111111111,0.3103448275862069,0.14482758620689656,0.1724137931034483,0.05517241379310345,0.04827586206896552,0.6591,4.137931034482759,0.0,0.0
llm_B_pos_9561,pos_9561,tt0218839,Best in Show,pos,B,llm_B,claude-haiku-4-5-20251001,1,136,143,9,0.83,15.88888888888889,0.26573426573426573,0.13286713286713286,0.1888111888111888,0.06293706293706294,0.06293706293706294,0.9953,3.4965034965034967,0.0,0.0
llm_B_pos_4240,pos_4240,tt0144120,Bride of Chucky,pos,B,llm_B,claude-haiku-4-5-20251001,1,133,141,9,0.86,15.666666666666666,0.2907801418439716,0.09219858156028368,0.15602836879432624,0.09219858156028368,0.06382978723404255,0.9933,6.382978723404255,0.0,0.0
llm_B_pos_7185,pos_7185,tt0250223,Asterix & Obelix: Mission Cleopatra,pos,B,llm_B,claude-haiku-4-5-20251001,1,134,140,8,0.79,17.5,0.3142857142857143,0.10714285714285714,0.15714285714285714,0.05714285714285714,0.05714285714285714,0.9967,3.571428571428571,0.0,0.0
llm_B_pos_1969,pos_1969,tt0120907,eXistenZ,pos,B,llm_B,claude-haiku-4-5-20251001,1,136,148,9,0.84,16.444444444444443,0.3310810810810811,0.12162162162162163,0.16891891891891891,0.06756756756756757,0.07432432432432433,0.9325,4.054054054054054,0.0,0.0
llm_B_pos_8965,pos_8965,tt0472062,Charlie Wilson's War,pos,B,llm_B,claude-haiku-4-5-20251001,1,133,138,8,0.82,17.25,0.3188405797101449,0.15942028985507245,0.13768115942028986,0.050724637681159424,0.07246376811594203,0.9876,2.898550724637681,0.0,0.0
llm_B_pos_4075,pos_4075,tt0284490,Showtime,pos,B,llm_B,claude-haiku-4-5-20251001,1,142,150,10,0.8,15.0,0.35333333333333333,0.12,0.14,0.05333333333333334,0.04666666666666667,0.9964,4.0,0.0,0.0
llm_B_pos_6768,pos_6768,tt0342492,The Green Butchers,pos,B,llm_B,claude-haiku-4-5-20251001,1,139,144,8,0.8,18.0,0.2569444444444444,0.1388888888888889,0.1875,0.0763888888888889,0.09027777777777778,0.9891,4.861111111111112,0.0,0.0
llm_B_pos_6697,pos_6697,tt0089489,Lifeforce,pos,B,llm_B,claude-haiku-4-5-20251001,1,136,140,8,0.83,17.5,0.3142857142857143,0.09285714285714286,0.17857142857142858,0.07142857142857142,0.07142857142857142,0.9902,6.428571428571428,0.0,0.0
llm_B_pos_10641,pos_10641,tt0015648,Battleship Potemkin,pos,B,llm_B,claude-haiku-4-5-20251001,1,147,155,10,0.86,15.5,0.32903225806451614,0.10967741935483871,0.15483870967741936,0.05806451612903226,0.04516129032258064,0.8779,1.935483870967742,0.0,0.0
llm_B_pos_9083,pos_9083,tt0099582,Flatliners,pos,B,llm_B,claude-haiku-4-5-20251001,1,132,138,8,0.89,17.25,0.34057971014492755,0.14492753623188406,0.13043478260869565,0.050724637681159424,0.06521739130434782,0.9375,6.521739130434782,0.0,0.0
llm_B_pos_7479,pos_7479,tt0124901,Thursday,pos,B,llm_B,claude-haiku-4-5-20251001,1,143,149,11,0.8,13.545454545454545,0.28859060402684567,0.1476510067114094,0.15436241610738255,0.053691275167785234,0.06711409395973154,0.9927,4.026845637583892,0.0,0.0
llm_B_pos_1330,pos_1330,tt0349903,Ocean's Twelve,pos,B,llm_B,claude-haiku-4-5-20251001,1,136,144,8,0.85,18.0,0.2986111111111111,0.14583333333333334,0.1597222222222222,0.05555555555555555,0.06944444444444445,0.9951,6.25,0.0,0.0
llm_B_pos_8881,pos_8881,tt0094142,Throw Momma from the Train,pos,B,llm_B,claude-haiku-4-5-20251001,1,140,150,9,0.83,16.666666666666668,0.2866666666666667,0.11333333333333333,0.18666666666666668,0.06,0.06,0.9918,4.666666666666667,0.0,0.0
llm_B_pos_2659,pos_2659,tt0062622,2001: A Space Odyssey,pos,B,llm_B,claude-haiku-4-5-20251001,1,131,140,8,0.81,17.5,0.35,0.11428571428571428,0.1357142857142857,0.05,0.02857142857142857,0.9838,5.0,0.0,0.0
llm_B_pos_5535,pos_5535,tt0095593,Married to the Mob,pos,B,llm_B,claude-haiku-4-5-20251001,1,137,143,9,0.8,15.88888888888889,0.34965034965034963,0.14685314685314685,0.1258741258741259,0.04195804195804196,0.04895104895104895,0.9956,5.594405594405594,0.0,0.0
llm_B_pos_12245,pos_12245,tt0092699,Broadcast News,pos,B,llm_B,claude-haiku-4-5-20251001,1,137,141,8,0.9,17.625,0.3333333333333333,0.1347517730496454,0.19858156028368795,0.0425531914893617,0.04964539007092199,0.9854,7.092198581560284,0.0,0.0
llm_B_pos_10404,pos_10404,tt0930083,Noroi,pos,B,llm_B,claude-haiku-4-5-20251001,1,127,135,8,0.81,16.875,0.28888888888888886,0.16296296296296298,0.1259259259259259,0.07407407407407407,0.044444444444444446,0.9414,2.2222222222222223,0.0,0.0
llm_B_pos_12184,pos_12184,tt0238546,Queen of the Damned,pos,B,llm_B,claude-haiku-4-5-20251001,1,143,148,9,0.79,16.444444444444443,0.33783783783783783,0.13513513513513514,0.12162162162162163,0.0472972972972973,0.05405405405405406,0.9921,5.405405405405405,0.0,0.0
llm_B_pos_11867,pos_11867,tt0203755,One Night at McCool's,pos,B,llm_B,claude-haiku-4-5-20251001,1,141,145,9,0.86,16.11111111111111,0.296551724137931,0.12413793103448276,0.15862068965517243,0.05517241379310345,0.07586206896551724,0.9949,6.206896551724138,0.0,0.0
llm_B_pos_3914,pos_3914,tt0397065,House of Wax,pos,B,llm_B,claude-haiku-4-5-20251001,1,144,145,9,0.83,16.11111111111111,0.32413793103448274,0.11724137931034483,0.1310344827586207,0.06896551724137931,0.06206896551724138,0.9552,5.517241379310345,0.0,0.0
llm_B_pos_5199,pos_5199,tt0108211,Stalingrad,pos,B,llm_B,claude-haiku-4-5-20251001,1,141,145,9,0.85,16.11111111111111,0.2827586206896552,0.13793103448275862,0.16551724137931034,0.04827586206896552,0.06896551724137931,0.9681,4.827586206896552,0.0,0.0
llm_B_pos_10235,pos_10235,tt0100260,Nightbreed,pos,B,llm_B,claude-haiku-4-5-20251001,1,140,145,8,0.83,18.125,0.31724137931034485,0.11724137931034483,0.15172413793103448,0.07586206896551724,0.06206896551724138,0.9842,3.4482758620689653,0.0,0.0
llm_B_pos_929,pos_929,tt0111495,Three Colors: Red,pos,B,llm_B,claude-haiku-4-5-20251001,1,136,142,8,0.79,17.75,0.36619718309859156,0.1056338028169014,0.14084507042253522,0.028169014084507043,0.035211267605633804,0.9825,6.338028169014084,0.0,0.0
llm_B_pos_3964,pos_3964,tt0384793,Accepted,pos,B,llm_B,claude-haiku-4-5-20251001,1,133,140,9,0.76,15.555555555555555,0.29285714285714287,0.12142857142857143,0.1357142857142857,0.02857142857142857,0.07142857142857142,0.9965,4.285714285714286,0.0,0.0
llm_B_pos_5440,pos_5440,tt0483726,Man of the Year,pos,B,llm_B,claude-haiku-4-5-20251001,1,139,145,9,0.86,16.11111111111111,0.296551724137931,0.12413793103448276,0.13793103448275862,0.05517241379310345,0.07586206896551724,0.9908,2.7586206896551726,0.0,0.0
llm_B_pos_11126,pos_11126,tt0080716,Fame,pos,B,llm_B,claude-haiku-4-5-20251001,1,141,145,9,0.85,16.11111111111111,0.3448275862068966,0.12413793103448276,0.15862068965517243,0.04827586206896552,0.06206896551724138,0.9913,6.896551724137931,0.0,0.0
llm_B_pos_9103,pos_9103,tt0365830,Tenacious D in the Pick of Destiny,pos,B,llm_B,claude-haiku-4-5-20251001,1,149,155,9,0.82,17.22222222222222,0.3032258064516129,0.12258064516129032,0.13548387096774195,0.06451612903225806,0.07096774193548387,0.9938,3.225806451612903,0.0,0.0
llm_B_pos_11574,pos_11574,tt0369702,The Sea Inside,pos,B,llm_B,claude-haiku-4-5-20251001,1,138,147,9,0.83,16.333333333333332,0.35374149659863946,0.12244897959183673,0.1292517006802721,0.061224489795918366,0.061224489795918366,0.9875,5.442176870748299,0.0,0.0
llm_B_pos_10740,pos_10740,tt0079417,Kramer vs. Kramer,pos,B,llm_B,claude-haiku-4-5-20251001,1,138,144,8,0.81,18.0,0.3611111111111111,0.125,0.1111111111111111,0.0625,0.0763888888888889,0.8935,4.166666666666666,0.0,0.0
llm_B_pos_4590,pos_4590,tt0387808,Idiocracy,pos,B,llm_B,claude-haiku-4-5-20251001,1,136,148,9,0.85,16.444444444444443,0.2905405405405405,0.14189189189189189,0.11486486486486487,0.07432432432432433,0.07432432432432433,0.9584,2.7027027027027026,0.0,0.0
llm_B_pos_7605,pos_7605,tt0151738,Never Been Kissed,pos,B,llm_B,claude-haiku-4-5-20251001,1,145,151,9,0.84,16.77777777777778,0.31125827814569534,0.1456953642384106,0.1390728476821192,0.059602649006622516,0.08609271523178808,0.9958,3.3112582781456954,0.0,0.0
llm_B_pos_11202,pos_11202,tt0346094,Distant,pos,B,llm_B,claude-haiku-4-5-20251001,1,133,138,9,0.82,15.333333333333334,0.2898550724637681,0.13768115942028986,0.16666666666666666,0.06521739130434782,0.050724637681159424,0.2732,2.898550724637681,0.0,0.0
llm_B_pos_3840,pos_3840,tt0065421,The Aristocats,pos,B,llm_B,claude-haiku-4-5-20251001,1,137,143,10,0.78,14.3,0.3356643356643357,0.11188811188811189,0.13986013986013987,0.027972027972027972,0.04195804195804196,0.9973,8.391608391608392,0.0,0.0
llm_B_pos_7022,pos_7022,tt0092890,Dirty Dancing,pos,B,llm_B,claude-haiku-4-5-20251001,1,145,148,11,0.81,13.454545454545455,0.27702702702702703,0.14189189189189189,0.14189189189189189,0.07432432432432433,0.08108108108108109,0.9957,4.054054054054054,0.0,0.0
llm_A_neg_3769,neg_3769,tt0369672,A Love Song for Bobby Long,neg,A,llm_A,gpt-4o-mini,1,130,131,6,0.8,21.833333333333332,0.26717557251908397,0.1450381679389313,0.1297709923664122,0.04580152671755725,0.04580152671755725,0.3716,6.106870229007633,0.0,0.0
llm_A_neg_4663,neg_4663,tt0120591,Armageddon,neg,A,llm_A,gpt-4o-mini,1,126,131,6,0.83,21.833333333333332,0.31297709923664124,0.12213740458015267,0.12213740458015267,0.04580152671755725,0.05343511450381679,0.4386,6.106870229007633,0.0,0.0
llm_A_neg_12093,neg_12093,tt0810988,The Nines,neg,A,llm_A,gpt-4o-mini,1,129,133,6,0.74,22.166666666666668,0.23308270676691728,0.15789473684210525,0.11278195488721804,0.05263157894736842,0.08270676691729323,0.7096,4.511278195488721,0.0,0.0
llm_A_neg_11748,neg_11748,tt0155975,Psycho,neg,A,llm_A,gpt-4o-mini,1,135,140,7,0.71,20.0,0.2785714285714286,0.1357142857142857,0.1,0.05714285714285714,0.05,0.617,5.0,0.0,0.0
llm_A_neg_7354,neg_7354,tt0273517,Darkness,neg,A,llm_A,gpt-4o-mini,1,129,131,8,0.8,16.375,0.22137404580152673,0.17557251908396945,0.13740458015267176,0.061068702290076333,0.07633587786259542,0.9585,6.106870229007633,0.0,0.0
llm_A_neg_10620,neg_10620,tt0165710,Detroit Rock City,neg,A,llm_A,gpt-4o-mini,1,143,147,7,0.75,21.0,0.2653061224489796,0.14965986394557823,0.12244897959183673,0.04081632653061224,0.05442176870748299,0.9737,5.442176870748299,0.0,0.0
llm_A_neg_5713,neg_5713,tt0091635,9½ Weeks,neg,A,llm_A,gpt-4o-mini,1,139,143,7,0.81,20.428571428571427,0.27972027972027974,0.13986013986013987,0.09090909090909091,0.055944055944055944,0.04895104895104895,0.9851,6.293706293706294,0.0,0.0
llm_A_neg_788,neg_788,tt0362478,The Box,neg,A,llm_A,gpt-4o-mini,1,128,133,7,0.82,19.0,0.2781954887218045,0.15789473684210525,0.12781954887218044,0.045112781954887216,0.06015037593984962,0.8316,6.015037593984962,0.0,0.0
llm_A_neg_11132,neg_11132,tt0181739,Osmosis Jones,neg,A,llm_A,gpt-4o-mini,1,126,130,7,0.85,18.571428571428573,0.2846153846153846,0.15384615384615385,0.11538461538461539,0.06923076923076923,0.038461538461538464,0.9686,5.384615384615385,0.0,0.0
llm_A_neg_5317,neg_5317,tt0109190,Baby's Day Out,neg,A,llm_A,gpt-4o-mini,1,133,138,7,0.78,19.714285714285715,0.2898550724637681,0.12318840579710146,0.10869565217391304,0.06521739130434782,0.043478260869565216,0.768,5.797101449275362,0.0,0.0
llm_A_neg_9560,neg_9560,tt0101516,Bugsy,neg,A,llm_A,gpt-4o-mini,1,131,134,7,0.78,19.142857142857142,0.3208955223880597,0.1417910447761194,0.1044776119402985,0.05223880597014925,0.03731343283582089,0.5303,7.462686567164178,0.0,0.0
llm_A_neg_7517,neg_7517,tt0268695,The Time Machine,neg,A,llm_A,gpt-4o-mini,1,129,134,7,0.83,19.142857142857142,0.3208955223880597,0.12686567164179105,0.11194029850746269,0.04477611940298507,0.04477611940298507,0.3632,5.223880597014925,0.0,0.0
llm_A_neg_12006,neg_12006,tt0227538,Spy Kids,neg,A,llm_A,gpt-4o-mini,1,130,136,6,0.76,22.666666666666668,0.25735294117647056,0.15441176470588236,0.13970588235294118,0.029411764705882353,0.04411764705882353,0.9413,5.88235294117647,0.0,0.0
llm_A_neg_1337,neg_1337,tt0430770,The Women,neg,A,llm_A,gpt-4o-mini,1,134,137,7,0.8,19.571428571428573,0.26277372262773724,0.1678832116788321,0.13138686131386862,0.06569343065693431,0.0364963503649635,0.0417,8.02919708029197,0.0,0.0
llm_A_neg_9381,neg_9381,tt0808417,Persepolis,neg,A,llm_A,gpt-4o-mini,1,131,135,6,0.82,22.5,0.23703703703703705,0.13333333333333333,0.15555555555555556,0.07407407407407407,0.044444444444444446,0.9105,6.666666666666667,0.0,0.0
llm_A_neg_6171,neg_6171,tt0443559,Killshot,neg,A,llm_A,gpt-4o-mini,1,128,130,7,0.75,18.571428571428573,0.33076923076923076,0.13076923076923078,0.07692307692307693,0.03076923076923077,0.06153846153846154,0.7364,7.6923076923076925,0.0,0.0
llm_A_neg_9474,neg_9474,tt0086034,Octopussy,neg,A,llm_A,gpt-4o-mini,1,134,136,7,0.78,19.428571428571427,0.3161764705882353,0.125,0.11029411764705882,0.04411764705882353,0.058823529411764705,0.8949,5.88235294117647,0.0,0.0
llm_A_neg_8632,neg_8632,tt0108473,The Vanishing,neg,A,llm_A,gpt-4o-mini,1,129,132,7,0.82,18.857142857142858,0.23484848484848486,0.18181818181818182,0.12121212121212122,0.06818181818181818,0.03787878787878788,0.3157,9.090909090909092,0.0,0.0
llm_A_neg_7445,neg_7445,tt0100502,RoboCop 2,neg,A,llm_A,gpt-4o-mini,1,139,142,6,0.75,23.666666666666668,0.2746478873239437,0.13380281690140844,0.14788732394366197,0.035211267605633804,0.04225352112676056,0.8074,7.042253521126761,0.0,0.0
llm_A_neg_3814,neg_3814,tt0422401,Hatchet,neg,A,llm_A,gpt-4o-mini,1,130,134,7,0.75,19.142857142857142,0.2537313432835821,0.12686567164179105,0.09701492537313433,0.04477611940298507,0.05970149253731343,0.4907,5.970149253731343,0.0,0.0
llm_A_neg_6564,neg_6564,tt0098382,Star Trek V: The Final Frontier,neg,A,llm_A,gpt-4o-mini,1,142,147,7,0.74,21.0,0.3197278911564626,0.10884353741496598,0.11564625850340136,0.05442176870748299,0.034013605442176874,0.6701,4.761904761904762,0.0,0.0
llm_A_neg_3565,neg_3565,tt0095467,A Short Film About Love,neg,A,llm_A,gpt-4o-mini,1,133,138,7,0.77,19.714285714285715,0.2391304347826087,0.15217391304347827,0.12318840579710146,0.057971014492753624,0.07246376811594203,0.8767,5.797101449275362,0.0,0.0
llm_A_neg_2329,neg_2329,tt0166924,Mulholland Drive,neg,A,llm_A,gpt-4o-mini,1,136,140,7,0.79,20.0,0.2642857142857143,0.12857142857142856,0.12857142857142856,0.07142857142857142,0.05714285714285714,0.4817,7.142857142857142,0.0,0.0
llm_A_neg_7893,neg_7893,tt0367085,Soul Plane,neg,A,llm_A,gpt-4o-mini,1,127,133,7,0.78,19.0,0.23308270676691728,0.15789473684210525,0.14285714285714285,0.06766917293233082,0.06015037593984962,0.9587,6.015037593984962,0.0,0.0
llm_A_neg_3460,neg_3460,tt0379865,Leatherheads,neg,A,llm_A,gpt-4o-mini,1,126,128,6,0.8,21.333333333333332,0.296875,0.1796875,0.09375,0.03125,0.0390625,0.821,7.8125,0.0,0.0
llm_A_neg_10907,neg_10907,tt0104040,The Cutting Edge,neg,A,llm_A,gpt-4o-mini,1,143,146,8,0.78,18.25,0.2534246575342466,0.1506849315068493,0.1095890410958904,0.0547945205479452,0.0684931506849315,0.9236,6.164383561643835,0.0,0.0
llm_A_neg_7580,neg_7580,tt0440803,Shutter,neg,A,llm_A,gpt-4o-mini,1,139,140,7,0.81,20.0,0.25,0.15714285714285714,0.12142857142857143,0.05714285714285714,0.05714285714285714,0.9353,7.142857142857142,0.0,0.0
llm_A_neg_6383,neg_6383,tt0081633,Time Bandits,neg,A,llm_A,gpt-4o-mini,1,126,131,8,0.81,16.375,0.26717557251908397,0.13740458015267176,0.13740458015267176,0.06870229007633588,0.06870229007633588,0.5955,5.343511450381679,0.0,0.0
llm_A_neg_4254,neg_4254,tt0097123,Crimes and Misdemeanors,neg,A,llm_A,gpt-4o-mini,1,120,124,6,0.8,20.666666666666668,0.25806451612903225,0.16129032258064516,0.10483870967741936,0.07258064516129033,0.07258064516129033,0.9429,8.064516129032258,0.0,0.0
llm_A_neg_7039,neg_7039,tt0098622,Warlock,neg,A,llm_A,gpt-4o-mini,1,127,131,7,0.79,18.714285714285715,0.2595419847328244,0.17557251908396945,0.1297709923664122,0.04580152671755725,0.03816793893129771,0.8397,6.870229007633588,0.0,0.0
llm_A_neg_9642,neg_9642,tt0489281,Stop-Loss,neg,A,llm_A,gpt-4o-mini,1,132,137,7,0.77,19.571428571428573,0.22627737226277372,0.1897810218978102,0.13138686131386862,0.072992700729927,0.0364963503649635,0.9109,5.839416058394161,0.0,0.0
llm_A_neg_6585,neg_6585,tt0338348,The Polar Express,neg,A,llm_A,gpt-4o-mini,1,132,136,6,0.78,22.666666666666668,0.27941176470588236,0.13970588235294118,0.09558823529411764,0.058823529411764705,0.058823529411764705,0.972,5.88235294117647,0.0,0.0
llm_A_neg_7103,neg_7103,tt0114614,Tank Girl,neg,A,llm_A,gpt-4o-mini,1,137,140,7,0.79,20.0,0.25,0.15714285714285714,0.10714285714285714,0.03571428571428571,0.05714285714285714,0.7655,10.714285714285714,0.0,0.0
llm_A_neg_7583,neg_7583,tt0099005,Air America,neg,A,llm_A,gpt-4o-mini,1,137,140,7,0.83,20.0,0.3142857142857143,0.12857142857142856,0.12857142857142856,0.02857142857142857,0.06428571428571428,0.4705,5.0,0.0,0.0
llm_A_neg_5852,neg_5852,tt0250687,Rat Race,neg,A,llm_A,gpt-4o-mini,1,130,135,6,0.83,22.5,0.2740740740740741,0.16296296296296298,0.0962962962962963,0.037037037037037035,0.06666666666666667,0.8953,5.9259259259259265,0.0,0.0
llm_A_neg_7606,neg_7606,tt0069945,Dark Star,neg,A,llm_A,gpt-4o-mini,1,138,141,8,0.79,17.625,0.2695035460992908,0.1276595744680851,0.1276595744680851,0.07092198581560284,0.07801418439716312,0.6462,4.25531914893617,0.0,0.0
llm_A_neg_3054,neg_3054,tt0093624,Night of the Demons,neg,A,llm_A,gpt-4o-mini,1,135,136,6,0.78,22.666666666666668,0.2647058823529412,0.11029411764705882,0.13970588235294118,0.058823529411764705,0.029411764705882353,0.9211,6.61764705882353,0.0,0.0
llm_A_neg_6830,neg_6830,tt0119395,The Jackal,neg,A,llm_A,gpt-4o-mini,1,125,127,6,0.78,21.166666666666668,0.28346456692913385,0.13385826771653545,0.09448818897637795,0.06299212598425197,0.05511811023622047,0.6908,7.874015748031496,0.0,0.0
llm_A_neg_12190,neg_12190,tt0116367,From Dusk Till Dawn,neg,A,llm_A,gpt-4o-mini,1,129,133,8,0.84,16.625,0.2781954887218045,0.15037593984962405,0.12781954887218044,0.03759398496240601,0.06015037593984962,0.967,6.7669172932330826,0.0,0.0
llm_A_neg_4338,neg_4338,tt0114576,Sudden Death,neg,A,llm_A,gpt-4o-mini,1,140,144,7,0.77,20.571428571428573,0.3263888888888889,0.14583333333333334,0.10416666666666667,0.027777777777777776,0.041666666666666664,0.8068,7.638888888888889,0.0,0.0
llm_A_neg_2663,neg_2663,tt0156934,Random Hearts,neg,A,llm_A,gpt-4o-mini,1,146,151,7,0.81,21.571428571428573,0.2847682119205298,0.13245033112582782,0.13245033112582782,0.059602649006622516,0.052980132450331126,0.5081,4.635761589403973,0.0,0.0
llm_A_neg_8596,neg_8596,tt0101393,Backdraft,neg,A,llm_A,gpt-4o-mini,1,127,128,7,0.79,18.285714285714285,0.3203125,0.125,0.1328125,0.0390625,0.0546875,0.743,4.6875,0.0,0.0
llm_A_neg_4885,neg_4885,tt0067355,They Call Me Trinity,neg,A,llm_A,gpt-4o-mini,1,132,135,7,0.82,19.285714285714285,0.25925925925925924,0.17777777777777778,0.11851851851851852,0.06666666666666667,0.08148148148148149,0.4296,7.4074074074074066,0.0,0.0
llm_A_neg_3435,neg_3435,tt0116213,Eraser,neg,A,llm_A,gpt-4o-mini,1,125,126,7,0.74,18.0,0.30952380952380953,0.15873015873015872,0.0873015873015873,0.06349206349206349,0.05555555555555555,0.9518,6.349206349206349,0.0,0.0
llm_A_neg_9006,neg_9006,tt0155267,The Thomas Crown Affair,neg,A,llm_A,gpt-4o-mini,1,135,140,6,0.76,23.333333333333332,0.2785714285714286,0.12142857142857143,0.11428571428571428,0.05714285714285714,0.05,0.8685,7.142857142857142,0.0,0.0
llm_A_neg_6858,neg_6858,tt0140379,A Midsummer Night's Dream,neg,A,llm_A,gpt-4o-mini,1,134,138,6,0.8,23.0,0.26811594202898553,0.15217391304347827,0.10869565217391304,0.057971014492753624,0.050724637681159424,0.9493,5.797101449275362,0.0,0.0
llm_A_neg_7131,neg_7131,tt0433386,The Grudge 2,neg,A,llm_A,gpt-4o-mini,1,140,142,8,0.75,17.75,0.24647887323943662,0.14788732394366197,0.11971830985915492,0.07746478873239436,0.056338028169014086,0.9882,4.225352112676056,0.0,0.0
llm_A_neg_9623,neg_9623,tt0366780,Mirrormask,neg,A,llm_A,gpt-4o-mini,1,132,134,7,0.76,19.142857142857142,0.2835820895522388,0.12686567164179105,0.14925373134328357,0.03731343283582089,0.05223880597014925,0.7141,8.208955223880597,0.0,0.0
llm_A_neg_12363,neg_12363,tt0271367,Eight Legged Freaks,neg,A,llm_A,gpt-4o-mini,1,134,135,7,0.79,19.285714285714285,0.2740740740740741,0.13333333333333333,0.1259259259259259,0.05925925925925926,0.06666666666666667,0.8834,5.9259259259259265,0.0,0.0
llm_A_neg_7941,neg_7941,tt0398712,Assault on Precinct 13,neg,A,llm_A,gpt-4o-mini,1,132,134,7,0.78,19.142857142857142,0.2835820895522388,0.11940298507462686,0.12686567164179105,0.05223880597014925,0.029850746268656716,0.9506,5.970149253731343,0.0,0.0
llm_B_neg_12129,neg_12129,tt0099329,Cry-Baby,neg,B,llm_B,claude-haiku-4-5-20251001,1,130,141,11,0.84,12.818181818181818,0.2978723404255319,0.1347517730496454,0.1702127659574468,0.04964539007092199,0.0425531914893617,0.8625,3.546099290780142,0.0,0.0
llm_B_neg_8095,neg_8095,tt0246989,Tomcats,neg,B,llm_B,claude-haiku-4-5-20251001,1,130,139,9,0.8,15.444444444444445,0.23741007194244604,0.15827338129496402,0.16546762589928057,0.06474820143884892,0.07194244604316546,0.9859,2.877697841726619,0.0,0.0
llm_B_neg_3891,neg_3891,tt0077405,Days of Heaven,neg,B,llm_B,claude-haiku-4-5-20251001,1,132,135,9,0.8,15.0,0.2814814814814815,0.13333333333333333,0.17037037037037037,0.06666666666666667,0.05185185185185185,0.9918,5.185185185185185,0.0,0.0
llm_B_neg_2360,neg_2360,tt0188674,Human Traffic,neg,B,llm_B,claude-haiku-4-5-20251001,1,137,144,8,0.88,18.0,0.2986111111111111,0.13194444444444445,0.13194444444444445,0.06944444444444445,0.034722222222222224,0.7469,5.555555555555555,0.0,0.0
llm_B_neg_5228,neg_5228,tt0107665,Needful Things,neg,B,llm_B,claude-haiku-4-5-20251001,1,130,134,9,0.85,14.88888888888889,0.29850746268656714,0.14925373134328357,0.1417910447761194,0.06716417910447761,0.022388059701492536,0.8491,3.731343283582089,0.0,0.0
llm_B_neg_11943,neg_11943,tt0481141,No Reservations,neg,B,llm_B,claude-haiku-4-5-20251001,1,132,141,10,0.79,14.1,0.3120567375886525,0.1276595744680851,0.1276595744680851,0.014184397163120567,0.07801418439716312,0.775,5.673758865248227,0.0,0.0
llm_B_neg_3549,neg_3549,tt0896798,Cleaner,neg,B,llm_B,claude-haiku-4-5-20251001,1,143,144,10,0.82,14.4,0.3055555555555556,0.1597222222222222,0.125,0.05555555555555555,0.04861111111111111,0.8881,6.25,0.0,0.0
llm_B_neg_5891,neg_5891,tt0390022,Friday Night Lights,neg,B,llm_B,claude-haiku-4-5-20251001,1,131,136,9,0.84,15.11111111111111,0.3235294117647059,0.13970588235294118,0.1323529411764706,0.058823529411764705,0.03676470588235294,0.937,8.088235294117647,0.0,0.0
llm_B_neg_6981,neg_6981,tt0800039,Forgetting Sarah Marshall,neg,B,llm_B,claude-haiku-4-5-20251001,1,138,143,9,0.81,15.88888888888889,0.2867132867132867,0.13286713286713286,0.14685314685314685,0.055944055944055944,0.055944055944055944,0.7816,4.195804195804196,0.0,0.0
llm_B_neg_5058,neg_5058,tt0133046,Teaching Mrs. Tingle,neg,B,llm_B,claude-haiku-4-5-20251001,1,142,148,9,0.85,16.444444444444443,0.28378378378378377,0.16216216216216217,0.14189189189189189,0.033783783783783786,0.06756756756756757,0.9603,2.7027027027027026,0.0,0.0
llm_B_neg_10725,neg_10725,tt0369441,Fun with Dick and Jane,neg,B,llm_B,claude-haiku-4-5-20251001,1,143,147,11,0.85,13.363636363636363,0.2925170068027211,0.1564625850340136,0.14285714285714285,0.061224489795918366,0.05442176870748299,0.8526,6.802721088435375,0.0,0.0
llm_B_neg_8876,neg_8876,tt0455957,Goya's Ghosts,neg,B,llm_B,claude-haiku-4-5-20251001,1,127,134,7,0.8,19.142857142857142,0.30597014925373134,0.12686567164179105,0.1417910447761194,0.07462686567164178,0.04477611940298507,0.794,7.462686567164178,0.0,0.0
llm_B_neg_10580,neg_10580,tt0426592,Superhero Movie,neg,B,llm_B,claude-haiku-4-5-20251001,1,142,149,11,0.76,13.545454545454545,0.3087248322147651,0.1476510067114094,0.12751677852348994,0.06711409395973154,0.08053691275167785,0.9035,6.0402684563758395,0.0,0.0
llm_B_neg_4246,neg_4246,tt0119313,Hope Floats,neg,B,llm_B,claude-haiku-4-5-20251001,1,136,148,9,0.87,16.444444444444443,0.3783783783783784,0.11486486486486487,0.12162162162162163,0.06756756756756757,0.0472972972972973,0.9781,4.054054054054054,0.0,0.0
llm_B_neg_4078,neg_4078,tt0413099,Evan Almighty,neg,B,llm_B,claude-haiku-4-5-20251001,1,137,143,9,0.84,15.88888888888889,0.3356643356643357,0.1258741258741259,0.1048951048951049,0.027972027972027972,0.055944055944055944,0.9588,4.195804195804196,0.0,0.0
llm_B_neg_10641,neg_10641,tt0116514,Hellraiser: Bloodline,neg,B,llm_B,claude-haiku-4-5-20251001,1,121,133,11,0.82,12.090909090909092,0.3007518796992481,0.14285714285714285,0.12781954887218044,0.06766917293233082,0.05263157894736842,0.1513,6.015037593984962,0.0,0.0
llm_B_neg_12008,neg_12008,tt0102719,Problem Child 2,neg,B,llm_B,claude-haiku-4-5-20251001,1,134,142,10,0.78,14.2,0.2605633802816901,0.11971830985915492,0.1619718309859155,0.07746478873239436,0.06338028169014084,0.9707,4.225352112676056,0.0,0.0
llm_B_neg_1078,neg_1078,tt0317740,The Italian Job,neg,B,llm_B,claude-haiku-4-5-20251001,1,148,154,9,0.81,17.11111111111111,0.35064935064935066,0.12337662337662338,0.12987012987012986,0.045454545454545456,0.032467532467532464,0.4173,6.493506493506493,0.0,0.0
llm_B_neg_10080,neg_10080,tt0163025,Jurassic Park III,neg,B,llm_B,claude-haiku-4-5-20251001,1,130,135,9,0.8,15.0,0.34814814814814815,0.1259259259259259,0.11851851851851852,0.044444444444444446,0.05185185185185185,0.8934,2.9629629629629632,0.0,0.0
llm_B_neg_5911,neg_5911,tt0097481,Harlem Nights,neg,B,llm_B,claude-haiku-4-5-20251001,1,135,142,8,0.85,17.75,0.29577464788732394,0.13380281690140844,0.11971830985915492,0.07042253521126761,0.07042253521126761,0.0728,4.225352112676056,0.0,0.0
llm_B_neg_11256,neg_11256,tt0910905,In the Electric Mist,neg,B,llm_B,claude-haiku-4-5-20251001,1,141,149,10,0.85,14.9,0.348993288590604,0.12080536912751678,0.11409395973154363,0.087248322147651,0.06040268456375839,0.9465,3.3557046979865772,0.0,0.0
llm_B_neg_11292,neg_11292,tt0212985,Hannibal,neg,B,llm_B,claude-haiku-4-5-20251001,1,131,141,9,0.84,15.666666666666666,0.3262411347517731,0.12056737588652482,0.1347517730496454,0.07092198581560284,0.028368794326241134,0.9635,5.673758865248227,0.0,0.0
llm_B_neg_4965,neg_4965,tt0490076,All the Boys Love Mandy Lane,neg,B,llm_B,claude-haiku-4-5-20251001,1,138,142,8,0.81,17.75,0.2605633802816901,0.15492957746478872,0.11971830985915492,0.08450704225352113,0.06338028169014084,0.8947,4.225352112676056,0.0,0.0
llm_B_neg_8488,neg_8488,tt0362165,Son of the Mask,neg,B,llm_B,claude-haiku-4-5-20251001,1,126,139,8,0.8,17.375,0.22302158273381295,0.1223021582733813,0.1510791366906475,0.08633093525179857,0.07194244604316546,0.643,2.877697841726619,0.0,0.0
llm_B_neg_4166,neg_4166,tt0345061,Code 46,neg,B,llm_B,claude-haiku-4-5-20251001,1,138,146,8,0.82,18.25,0.2945205479452055,0.1232876712328767,0.1506849315068493,0.0684931506849315,0.04794520547945205,0.8815,5.47945205479452,0.0,0.0
llm_B_neg_4773,neg_4773,tt0963794,The Ruins,neg,B,llm_B,claude-haiku-4-5-20251001,1,129,132,9,0.89,14.666666666666666,0.3106060606060606,0.18181818181818182,0.15151515151515152,0.03787878787878788,0.05303030303030303,0.9968,3.787878787878788,0.0,0.0
llm_B_neg_6027,neg_6027,tt0450340,Unknown,neg,B,llm_B,claude-haiku-4-5-20251001,1,131,133,10,0.85,13.3,0.2706766917293233,0.18045112781954886,0.14285714285714285,0.03759398496240601,0.05263157894736842,0.774,4.511278195488721,0.0,0.0
llm_B_neg_5077,neg_5077,tt0402910,Chaos,neg,B,llm_B,claude-haiku-4-5-20251001,1,137,140,12,0.8,11.666666666666666,0.2642857142857143,0.15714285714285714,0.12857142857142856,0.05,0.09285714285714286,0.9944,3.571428571428571,0.0,0.0
llm_B_neg_3503,neg_3503,tt0375679,Crash,neg,B,llm_B,claude-haiku-4-5-20251001,1,130,142,8,0.82,17.75,0.323943661971831,0.14788732394366197,0.11971830985915492,0.04929577464788732,0.04929577464788732,0.9739,4.225352112676056,0.0,0.0
llm_B_neg_6300,neg_6300,tt0109045,"The Adventures of Priscilla, Queen of the Desert",neg,B,llm_B,claude-haiku-4-5-20251001,1,131,135,7,0.82,19.285714285714285,0.3111111111111111,0.1111111111111111,0.15555555555555556,0.05925925925925926,0.044444444444444446,0.5565,5.185185185185185,0.0,0.0
llm_B_neg_9512,neg_9512,tt0099726,Hamlet,neg,B,llm_B,claude-haiku-4-5-20251001,1,129,133,10,0.79,13.3,0.3157894736842105,0.15037593984962405,0.12781954887218044,0.06015037593984962,0.03759398496240601,0.7713,6.015037593984962,0.0,0.0
llm_B_neg_11469,neg_11469,tt0970452,Solomon Kane,neg,B,llm_B,claude-haiku-4-5-20251001,1,135,142,9,0.83,15.777777777777779,0.3591549295774648,0.14084507042253522,0.11971830985915492,0.056338028169014086,0.04929577464788732,0.9159,4.929577464788732,0.0,0.0
llm_B_neg_8644,neg_8644,tt0117107,Mulholland Falls,neg,B,llm_B,claude-haiku-4-5-20251001,1,148,152,9,0.86,16.88888888888889,0.34210526315789475,0.14473684210526316,0.10526315789473684,0.05921052631578947,0.013157894736842105,0.9821,3.289473684210526,0.0,0.0
llm_B_neg_12074,neg_12074,tt0158371,Sweet and Lowdown,neg,B,llm_B,claude-haiku-4-5-20251001,1,136,148,10,0.83,14.8,0.3310810810810811,0.16891891891891891,0.14864864864864866,0.0472972972972973,0.033783783783783786,0.6259,6.081081081081082,0.0,0.0
llm_B_neg_5330,neg_5330,tt0100135,Men at Work,neg,B,llm_B,claude-haiku-4-5-20251001,1,124,131,9,0.84,14.555555555555555,0.32061068702290074,0.1450381679389313,0.12213740458015267,0.05343511450381679,0.03816793893129771,0.6914,4.580152671755725,0.0,0.0
llm_B_neg_9402,neg_9402,tt0417217,Two for the Money,neg,B,llm_B,claude-haiku-4-5-20251001,1,143,153,10,0.81,15.3,0.3202614379084967,0.13071895424836602,0.13071895424836602,0.032679738562091505,0.0392156862745098,0.7881,5.88235294117647,0.0,0.0
llm_B_neg_5061,neg_5061,tt0473753,Angel-A,neg,B,llm_B,claude-haiku-4-5-20251001,1,124,135,8,0.8,16.875,0.28888888888888886,0.1259259259259259,0.16296296296296298,0.044444444444444446,0.037037037037037035,0.3493,3.7037037037037033,0.0,0.0
llm_B_neg_8395,neg_8395,tt0842929,Paranoid Park,neg,B,llm_B,claude-haiku-4-5-20251001,1,134,144,9,0.85,16.0,0.3055555555555556,0.1597222222222222,0.13194444444444445,0.04861111111111111,0.06944444444444445,0.845,4.861111111111112,0.0,0.0
llm_B_neg_6446,neg_6446,tt0815244,Sydney White,neg,B,llm_B,claude-haiku-4-5-20251001,1,128,136,10,0.83,13.6,0.33088235294117646,0.125,0.125,0.04411764705882353,0.08088235294117647,0.9722,2.941176470588235,0.0,0.0
llm_B_neg_7323,neg_7323,tt0101862,Father of the Bride,neg,B,llm_B,claude-haiku-4-5-20251001,1,125,132,9,0.81,14.666666666666666,0.25757575757575757,0.16666666666666666,0.12878787878787878,0.06818181818181818,0.05303030303030303,0.8775,6.0606060606060606,0.0,0.0
llm_B_neg_10011,neg_10011,tt0113627,Leaving Las Vegas,neg,B,llm_B,claude-haiku-4-5-20251001,1,135,145,8,0.84,18.125,0.3310344827586207,0.1724137931034483,0.1103448275862069,0.06206896551724138,0.04827586206896552,0.9654,4.827586206896552,0.0,0.0
llm_B_neg_5126,neg_5126,tt0085549,Flashdance,neg,B,llm_B,claude-haiku-4-5-20251001,1,135,142,9,0.82,15.777777777777779,0.323943661971831,0.11267605633802817,0.14084507042253522,0.04929577464788732,0.035211267605633804,0.25,7.042253521126761,0.0,0.0
llm_B_neg_4730,neg_4730,tt0758730,Aliens vs. Predator: Requiem,neg,B,llm_B,claude-haiku-4-5-20251001,1,123,127,9,0.8,14.11111111111111,0.25984251968503935,0.12598425196850394,0.18110236220472442,0.05511811023622047,0.03937007874015748,0.8121,4.724409448818897,0.0,0.0
llm_B_neg_11042,neg_11042,tt0364569,Oldboy,neg,B,llm_B,claude-haiku-4-5-20251001,1,133,140,10,0.86,14.0,0.32857142857142857,0.12142857142857143,0.15714285714285714,0.06428571428571428,0.05,0.9804,4.285714285714286,0.0,0.0
llm_B_neg_4522,neg_4522,tt0425061,Get Smart,neg,B,llm_B,claude-haiku-4-5-20251001,1,133,137,9,0.85,15.222222222222221,0.30656934306569344,0.17518248175182483,0.10218978102189781,0.072992700729927,0.08029197080291971,0.9871,5.839416058394161,0.0,0.0
llm_B_neg_11926,neg_11926,tt0402022,Æon Flux,neg,B,llm_B,claude-haiku-4-5-20251001,1,136,143,10,0.81,14.3,0.3076923076923077,0.15384615384615385,0.1258741258741259,0.04895104895104895,0.06993006993006994,0.9537,3.4965034965034967,0.0,0.0
llm_B_neg_446,neg_446,tt0118604,An American Werewolf in Paris,neg,B,llm_B,claude-haiku-4-5-20251001,1,132,134,9,0.81,14.88888888888889,0.2537313432835821,0.15671641791044777,0.15671641791044777,0.04477611940298507,0.05970149253731343,0.5139,5.223880597014925,0.0,0.0
llm_B_neg_6710,neg_6710,tt0339135,In Hell,neg,B,llm_B,claude-haiku-4-5-20251001,1,141,147,9,0.81,16.333333333333332,0.3129251700680272,0.1292517006802721,0.14285714285714285,0.047619047619047616,0.034013605442176874,0.9348,6.122448979591836,0.0,0.0
llm_B_neg_6217,neg_6217,tt0795421,Mamma Mia!,neg,B,llm_B,claude-haiku-4-5-20251001,1,126,132,7,0.8,18.857142857142858,0.3181818181818182,0.11363636363636363,0.15151515151515152,0.08333333333333333,0.03787878787878788,0.8561,3.787878787878788,1.5151515151515151,0.0
llm_B_neg_11419,neg_11419,tt0834001,Underworld: Rise of the Lycans,neg,B,llm_B,claude-haiku-4-5-20251001,1,128,138,12,0.83,11.5,0.2826086956521739,0.18840579710144928,0.09420289855072464,0.057971014492753624,0.050724637681159424,0.9201,5.072463768115942,0.0,0.0
